userName,score,at,content
Aulia Rahma,2,2026-05-02 06:48:20,"aplikasi makin kesini makin GK bisa diakses,slalu stuck di logo"
Yayah Irma,1,2026-05-02 03:51:51,apk apaan nih login kaga bisa perbaiki lagih lah nih apk
Nuraini,3,2026-05-02 03:31:12,tolong dong min yg di perantau tetep bisa ngambil sendiri tanpa harus di kampung kalau di kampung orang lain yg ambil uangnya dimakan semua SM orang pemerintah desa SM RT yg harusnya dpt 900 jadi cm dapat 400 tolong dong min di tindak lanjuti yg di perantau biar bisa ambil sendiri
Yos Alifah,5,2026-05-01 19:36:48,sangat bagus
Rinto Samosir,1,2026-05-01 16:39:36,"kadang berguna aplikasi ini?,,,,"
ratih uye02,1,2026-05-01 16:38:27,aplikasi tidak bisa di buka sama sekali
Surati Ningsih,1,2026-05-01 16:25:56,"ga bisa kebuka sama sekali, ada yang sama? udh coba install ulang ttep aja ga bisa d buka"
Amin Ramadhani,1,2026-05-01 15:03:20,"tolong dong developer nya di perbaiki lagii,, gabisa bikin akun baruu,, stuck di upload foto. apa semua aplikasi pemerintah gini semua ya? pada busuk...,"
Siti Meiyungafah,3,2026-05-01 12:17:53,ini kenapa apk nya nggak bisa di bukaa
Zusnia L,1,2026-05-01 09:55:35,gak bisa dibuka. blank putih terus
Dina Yunita,1,2026-05-01 08:11:54,aplikasi tidak bisa dibuka
eddy wamese,5,2026-05-01 07:26:38,sangat berguna dan bagus
la adi,1,2026-05-01 06:01:30,gak jelas
Raehana Azzahra,2,2026-05-01 04:58:11,susah di buka
elang,1,2026-05-01 02:23:00,"pendaftaran sukses...tapi gak bisa login, sampai berulang-ulang tetap gak bisa login... aplikasi gak bisa di gunakan,gak berfungsi dengan semestinya...parah loe min... aplikasi gak berguna"
MAS SALIM,1,2026-05-01 00:14:30,tolong perbaiki aplikasi nya atau programnya. keluarga saya nggak dapat bantuan
Jefry Alibukhori,2,2026-04-30 23:28:30,tolong diperbaiki fitur juga di update untuk setiap ada peraturan baru
Via Nur,1,2026-04-30 23:21:53,"aplikasi gagal si ini, masa udah berkali kali download setiap buka aplikasi nya yang muncul cuma layar item, udah ku tunggu selama sejaman gaada berubah atau muncul apapun. mau login susah sekarang malah gaada gambar apa apa"
dung maulana,1,2026-04-30 23:09:17,aduh bagai mana ini apk malah mentok logo
Elin Nurlina,2,2026-04-30 16:06:24,knp udh d unduh gk bisa d buka
Aishwa Freya,1,2026-04-30 15:43:31,baru mau buka aplikasinya saja sudah tidak bisa.. giliran sudah bisa di buka.. mau log in tiba tiba keluar terus..
Zank',4,2026-04-30 15:00:40,lemot
M.riza Riza,5,2026-04-30 10:39:38,ok
Domi Hafiz,5,2026-04-30 09:56:31,sangat membantu sekali.
Suci Kiya,1,2026-04-30 09:49:04,kenapa apk tidak bisa kebuka
Jhumy Jumiati,1,2026-04-30 09:29:46,Aplikasi gagal... sudah install versi terbaru tapi gak bisa kebuka...
Moib Subekti,2,2026-04-30 07:58:14,login sll ada kendala.apa lagi ada gangguan
Ge Ry,1,2026-04-30 07:02:44,apk go blok
AINUR NABILA,1,2026-04-30 06:30:17,"APLIKASI BONCOS INI, BUKAN APLIKASI BANSOS. BUANG BUANG UANG RAKYAT SAJA. PENGAJUAN GAK BISA GAK ADA RESPON, PENGECEKAN GAK SESUAI DENGAN LAPANGAN. HAPUS AJA APLIKASI INI DARI PLAYSTORE. APLIKASI GAK GUNA"
Elin Mo,1,2026-04-30 05:50:47,Baru buka aplikasi aja malah gk bisa di buka.. hadehh gimana sih
Muhammad Uwais,5,2026-04-30 05:16:24,"oke teman2. semoga bisa sedikit membantu. jika pada saat submit muncul tulisan ""silahkan mengisi RT"", padahal data sudah kita isi semua tapi masih tetap tidak bisa submit. coba dibagian RT RW nya itu dikasih tanda - . dengan catatan memang di KTP tidak punya RT ataupun RW. kalau saya dibagian RT nya ada, jadi hanya bagian RW nya yg dikasih tanda -. (Karena memang pd ktp hanya ada RT utk rw nya nol)..Alhamdulillah setelah itu bisa submit"
Fandi Unique,1,2026-04-30 02:14:28,"Ga bisa diharapkan dari aplikasi ini. Kirain mempermudah urusan, malah bikin stress. Bolak balik gitu terus ga ada kelanjutan proses."
Gara Mam,1,2026-04-30 00:49:02,"alpikasi nya di buat untuk mempermudah atau mempersulit masyarakat, buat daftar aja ga bisa daftar"" pas mau mau fto ktp malah kembali kehalaman bansos, gaje"
lineage kabelri,1,2026-04-29 22:59:10,aplikasinya kebanyakan error. macam gak niat buat aplikasi. mana perubahan data jugak gak berubah berubah. pemerintah pemerintah. makin kesini makin sakit kepala di buatnya
Sty Azizah,1,2026-04-29 17:43:07,udh ngajuin pengusulan biar ada desil nya tetep aj smpe skrng GK ada desil
Sellis Adore,1,2026-04-29 15:03:53,"Saya merasa heran dengan ini aplikasi katanya untuk membantu tapi malah mengecewakan, saya melakukan reques pembaruatan data dan katanya 1-2 bulan sudah ada progres tapi nyatanya kini hampir sudah sampai satuh tahun belum ada dari pihak/badan apapun yang datang untuk melakukan verifikasi data. Apakah memang ini adalah peroses pembodohan publik berkedok aplikasi yang dilakukan pemerintah dari pemerintah pusat sampai kepada pemberintah desa, sangat miris sekali."
Putri,1,2026-04-29 14:34:28,apk gajelas login nya lama
ahmad yuska,1,2026-04-29 12:46:25,"Katanya aplikasi cek bansos bisa buat perubahan data yang tidak sesuai dengan data BPS, tapi sampai detik ini belum juga ada perubahan DESIL padahal photo rumah dan data yang diperlukan sudah dikirim apa adanya...."
Yanti Minang,1,2026-04-29 12:32:40,ini aplikasi kenapa ya.mengajukan pembaruan data berbulan bulan gk ada perubahan belum juga dikonfirmasi.akurat gk sih.kl gk jngn bkin aplikasi abal abal donk
Untung Santoso,1,2026-04-29 09:36:59,"app gak berguna ,..jelas jelas data saya memenuhi syarat sebagai penerima manfaat ,tapi tak satupun manfaat yang menjadi program pemerintah ,setelah saya usul di app jawaban nya tidak memenuhi syarat ,.. apakah yang memenuhi syarat itu , PNS ,wiraswasta atau TNI polri , sedangkan buruh tidak termasuk sebagai penerima manfaat"
gendrok uhah,4,2026-04-29 05:31:04,sering loading lama
Mardilla Ica,1,2026-04-29 02:41:10,"Masih bug. Selalu tertahan pada opsi ""silakan pilih RT"" padahal udah isi RT dengan berbagai opsi sesuai KTP. Tapi tetap aja stuck di situ mulu. Gak bisa perbarui data. Masalahnya dari bulan-bulan lalu loh, aku kira udah diperbaiki bug-nya, tapi masih aja sampai sekarang!"
meyda hanum03,1,2026-04-29 01:03:57,mau buka aplikasinya aja gk bisa kebuka trs mau cek bansos nya ya gk bisa...gimana sih aplikasi ini bantu dong gambarnya kok gk bisa kebuka
Gema Hakkul,4,2026-04-28 23:24:29,"agak susah, aku pengen mengajukan penyanggahan karena desil yg aku terima tidak sesuai dg keadaan, sdngkan aku hidup pas²an, dan tinggal numpang d rumah saudara,"
Sella Pusss94,1,2026-04-28 18:39:07,lama sekali untuk verifikasi.. sampek 2tahun g ada kejelasan.. smpai kontrakan mau habis ya allah...
Tomi Tonglo,2,2026-04-28 18:09:44,"kecewa krn gak bisa masuk, kl mau masuk muncul hitam gak masuk"
Abdul Rohman,4,2026-04-28 15:32:44,adakan fitur cek penerima bantuan melalui aplikasi ini Krn jika tidak terbuka secara umum kebanyakan yg GK tepat sasaran dan di gelapkan oleh oknum perangkat desa.
AD Harianuddin,1,2026-04-28 14:35:29,"Saya lansia miskin usia 65 dan istri 64 th, PKH Lansia dan PBI-JK saya distop bantuannya. Desil jadi 6 - 10, untuk kelompok mana yg diberikan bantuan. 🤲 Laknatullah alaihim untuk Kemensos."
Sukma Rahayu,5,2026-04-28 13:49:40,aplikasi yang sangat membantu 👍
Rivanna Tri L,1,2026-04-28 13:06:06,"saya sudah daftar akun, tapi waktu mau masuk lagi malah tidak ditemukan akunnya🙈🙈, parah banget akun pemerintah padahal. desilnya juga ga sesuai banget gaji ga smpe segitu tapi desilnya 6-10"
Sabqi Safwan,2,2026-04-28 12:52:48,gak bisa di buka padahal jaringan lancar tapi gak bisa di buka payah ni aplikasi
Yuni Sari,5,2026-04-28 12:41:02,aplikasi tidak bisa di buka
Dwi Jatmiko (Miko),5,2026-04-28 11:09:03,sangat membantu 👍👍👍👍👍
Nurfadliya Liya,1,2026-04-28 10:10:30,tidak bisa di buka aplikasinya
Fandy Supriyatna,1,2026-04-28 09:47:01,"udh download dari kapan thn, sekarang aplikasinya sama skali gk bisa di buka, kecewa bgt sih.."
Afri Anti,3,2026-04-28 06:44:09,"aplikasi error, prank masyarakat!! kenapa? udh daftar bikin akun tp saat login error melulu. Kyk udh disetting spy ga bisa login."
Reski Kurniati,5,2026-04-28 05:32:25,"Sangat bagus tidak ada keluhan,,"
Teguh budiharto,5,2026-04-28 00:09:35,gak ada status exclude SPM sp2D dll..yang KPM perlukan.. status perlu.. agar tidak terlalu bertanya ke operator Sikng desa dan pedamping.. terimakasih sukses selalu dan ada Rizki nya untuk semuanya.. aamiin yra.. doa terbaik.. Bapak dan ibu yang terhormat.. saldo KPM perkiraan saya jngan di cantumkan di aplikasi sikng. cukup pemerintah AZ.. yg untuk menghindari KKN.. dan di Undangan pengambilan Via kantor pos.. cukup barkot SZ. dan petugas pos Yg tau.. but up to you semangat sz..
Moh Sholeh,5,2026-04-27 16:51:36,saya kasi bintang 5 agar aplikasi ini bisa membntu kedepannya
Sunardi Oyi,5,2026-04-27 15:25:31,baik membantu
Faisal Dinata,5,2026-04-27 13:37:50,blm yakin
Arya Kamandanu,1,2026-04-27 10:24:34,"sudah sebulan dah pembaruan data Krn tdk sesuai,blm di verifikasi2 jg,mengecewakan"
Ahmad Saputra,1,2026-04-27 10:10:31,𝐠𝐚 𝐛𝐢𝐬𝐚 𝐝𝐢𝐛𝐮𝐤𝐚 𝐚𝐩𝐥𝐢𝐤𝐚𝐬𝐢 𝐤𝐮
Chacha Cha,1,2026-04-27 08:42:11,"mau login kg bisa"""
RIZKI Pratama,1,2026-04-27 08:40:53,"ga guna,udah ngusulin perbaruan juga udah hampir 1 tahun gada perubahan"
Fitrianurkalimah,1,2026-04-27 07:05:03,kenapa saya gak bisa buka apk ini?? 😌
Lela Nurlela,1,2026-04-27 06:17:59,aplikasi tidak bisa untuk daftar
King Januardi,1,2026-04-27 05:11:53,aplikasi bansos tidak bisa di buka alias di blokir.
Edo Wardo,1,2026-04-27 04:16:59,"susah banget masuknya.lupa sandi mau riset sandi aja berbelit""kenapa udh pake no KK sama nik masih harus sandi juga"
Govu Satu,1,2026-04-27 03:27:09,gara2 MBG babeh gw yg lansia strok gak dapat lagi PKH
Budaya Jawa,1,2026-04-27 01:24:34,tidak bisa di buka
Nadira 123,1,2026-04-26 13:20:20,sy sdh donwload aplikasi ini tp knp tdk bisa di buka ya? tolong bntu pnjlsannya🙏🙏
Mariyo Yono,5,2026-04-26 13:19:20,baik
Skyy Lybyrd,1,2026-04-26 12:51:05,"yg menyatakan desil ini sebenarnya siapa? kerja ga bener ini orang2 dinsos! saya dari awal nikah sampai sekarang tidak pernah dapat bantuan apa2. bukannya ngarep tapi dimana keadilan! orang mampu dapat bantuan, orang betul2 ga mampu desilnya 6-10! kocak bener da!"
Yusra,1,2026-04-26 09:38:38,engk guna yg dapt yg nersaudra aja kita mah emgk bakal dapt
Iwan Wid,5,2026-04-26 05:59:19,"ini aplikasi milik pemerintah, programer dibayar mahal dari pajak, namun setiap usulan selalu ada notif terjadi kesalah koneksi, benarkah..? atau settingan seperti itu, semoga para programmer masih ada yang punya nurani dan lurus"" dalam koridor yang benar, terimakasih..🙏"
Muhamad Soleh,1,2026-04-26 01:08:02,ini aplikasi dari kementrian sosial ya... apa kata mereka yg mendownload apk ini... mmng semua orang butuh uang tergantung kebutuhan.. sebagaimana HAK dan kewajiban nya.
Yusran Yusna,3,2026-04-25 23:36:35,semoga bisa kebuka
Melly Safitri,1,2026-04-25 18:40:53,habis download aplikasi nya malah gabisa dibuka tolong dong diperbaiki lagi
Eko Suyanto,1,2026-04-25 17:11:29,aplikasi tidak bisa fi buka
Hadi Sutrisno,1,2026-04-25 13:25:01,"aplikasi tidak membantu malah menyusahkan,wajarlah banyak mafianya ya diribetin pasti"
sardi mj,1,2026-04-25 01:58:44,"aplikasi sampah, tunggu verifikasi sampe gk tau kapan di verifikasi, ngasi harapan palsu, sampah, saya curiga ini aplikasi pencurian data, data kita di ambil buat nerima bantuan untuk mereka korupsi, sedangkan di aplikasi data kita di buat stuck gk ada pergerakan meski sudah berbulan bulan"
Syaiful Hasan,2,2026-04-25 01:54:54,"Aplikasi gagal, buat mencari 5 NIK sdh tdk bisa lagi"
nazwa oktavia,1,2026-04-24 22:30:28,ko kosong ya pas saya hasil pencarian
Jeinaria Lase,3,2026-04-24 12:53:24,udah daftar akun eehh pas login datanya ga ada.. susah loginnya..
Diandra Sk,3,2026-04-24 09:57:29,"aplikasi ini ko aneh, kemarin sudah melakukan perubahan data untuk menurunkan Desil,dari 6-10 ke 1 atau 2 nah terus berhasil turun ke Desil 2..tapi ko bisa naik lagi masuk Desil 3... gimana ini ko ga jelas.tolong lah diperbaiki lagi.apk nya soalnya ini penting untuk kita 2 yg menengah ke bawah."
ANGGA MAULADI,1,2026-04-24 09:16:28,apk kontoll
Achmad Fikri,4,2026-04-24 08:21:46,Lumayan buat Orang Tua salam
Mbh Tumini,2,2026-04-24 08:20:36,"aplikasi lemot, sering eror, tolong yg bertanggung jawab atas aplikasi ini, segera perbaiki, masak aplikasi pemerintahan sekentang ini,,"
Muhammad Reynovan Atharizky,2,2026-04-24 08:11:06,Aplikasi tidak bisa dibuka
Ning Arinka,1,2026-04-24 08:06:30,sudah sekali ke menu usulan mah bikin pusing
Wulansukma dewi,2,2026-04-24 05:13:27,"aplikasi bikin emosi jiwa raga tiba""ngulang lagi ngulang lagi gajelas harus diperbaiki"
Tita Fatmasari,1,2026-04-24 01:16:34,aplikasi gak bisa di gunakan
Aa Ogay Hirosi,1,2026-04-23 16:30:31,"ada apa dengan APK ini, saya tidak bisa log in, hanya stuck di logo depan saja, tidak bisa masuk ke halaman berikutnya, apa yang harus saya lakuin buat mencoba pemantauan, untuk pihak developer tolong di perbaiki agar APK ini berfungsi dengn baik,,, trims,,,!"
Zulfikar Zulfikar,1,2026-04-23 16:13:50,"apk sampah,,,😁😁😁"
Supriadi Putrapadang,2,2026-04-23 14:26:30,apk nya eror gak bisa memperbaharui data
Sukron MACmun,5,2026-04-23 11:14:13,apk yg sangat membantu saya sebagai Driver OJOL .🙏🙏🙏
Bery Bere,5,2026-04-23 10:34:34,semoga dapat membantu kondisi keluarga kecil kami kami yg sedikit penghasilan \ tidak mampuh
Berlian,1,2026-04-23 10:13:46,"gatau apknya error atau gimana,tapi waktu saya ngisi data buat login ke apknya malah sering banget kembali ke awalan jadi harus ngisi ulang dari awal dan itu ga hanya sekali tapi sering banget,minta tolong dong buat diperbaiki apknya biar para penggunanya juga enak waktu pakai apknya"
IRT Produktif,1,2026-04-23 09:53:08,download aplikasinya tapi ga bisa kebuka
Bobby Bima,2,2026-04-23 04:56:47,"fitur tidak lengkap, perbaikan & usulan sulit diterima"
ANEUK NANGGROE ACEH,5,2026-04-23 03:41:26,ok
Pecinta meow,1,2026-04-23 03:22:29,aplikasi gak guna gak bisa loading
Yoshi Noya,1,2026-04-23 03:15:17,bagaimana bisa pendapatan cuma 50rb sehari bisa masuk desil 6-10?
Laode Yuna,1,2026-04-22 23:52:41,aplikasi buruk
"Putra_ Rantou,85",3,2026-04-22 16:31:03,ank tiga masih balita.1 sekolah SMP 1 blum pernah di kasih...wilayah Pandeglang kec.pulosari
SEVIA VERANTIKA,1,2026-04-22 15:36:16,udah di download tapi ga bisa di buka
Bachtiar Keumala,5,2026-04-22 15:29:50,mohon diperbaiki aplikasi loading nya sangat lambat
Andi Wicaksono,1,2026-04-22 14:54:58,aplikasi yg sangat menjengkelkan
Vibi Renka,1,2026-04-22 13:48:09,"saya baru pakai ini karena merasa saya termasuk dalam kategori yang harus mendapatkan perhatian pemerintah dalam hal bantuan.. bukan ngemis atau apa, tapi target adanya program ini untuk membantu kan? saya sempat baca-baca dan sedikit tau kalau desil 1-4 adalah prioritas, saya baca lagi desil itu tergantung dari pemasukan atau apalah itu, pemasukan saya 100-150 per minggu apa itu keitung relatif normal? dan masuk ke desil 6-10 ? saya rasa survei ke lapangan harus tepat deh. ty"
Hoerul Anam,1,2026-04-22 13:41:49,data tidak sesuai
mus tin,5,2026-04-22 13:29:15,terimakasih sudah menerima saya untuk bergabung di aplikasi cek bansos
Lasmida Wati,1,2026-04-22 12:58:19,tiap kali cek gak bisa
Trie Muse,2,2026-04-22 10:35:41,"pengajuan perubahan desil dari 2025 sampai sekarang ga ada perubahan,makan gaji buta pegawainya,aplikasi burik"
nurhas_ eje,1,2026-04-22 09:22:47,kok gabisa ya pas bagian centang setelah foto ktp
Tjatur sari Sari,3,2026-04-22 07:56:22,ko aplikasi nya ga BS kebuka sih
Gita,2,2026-04-22 05:22:15,"tolong diperbaiki semuanya developer, banyak bug dan sangat tidak nyaman, gimana ceritanya hampir semua apk yang untuk mempermudah rakyat malah jadinya bikin emosi karna sangat tidak maksimal pembuatannya, sekali lagi tolong diperbaiki, bukan hanya apk ini saja."
Novi Yulianti,5,2026-04-22 03:27:19,"saya kasih bintang 5 bukan apk nya bagus ya biar cepet kebaca aja sama yg buat apknya. tolong dong di perbarui lagi. ini sangat menyusahkan. susah log in, pw lupa g bisa lngsung reset, data nya juga banyak bug nya. makin kesini makin ngawur kata pendamping suruh daftar online dulu pakek apk ini saya daftar malah datanya GK di temukan katanya 🙏🙏 tolong ya"
Erik Yaniarto,1,2026-04-22 02:24:00,"apk GK bisa di gunakan, sia-sia uang rakyat"
Agung Tamara,1,2026-04-22 01:57:03,"Aplikasi Pemerintah hanya buang buang anggaran saja, dengan aplikasi Pinjol juga kalah jauh. Mau registrasi akun juga susahnya minta ampun, udah ke bagian Upload swafoto balik lagi ke Menu tampilan awal, pas masuk akuk NIK tidak terdaftar. Gimana mau terdaftar registrasi belum beres aplikasinya Log Out sendiri"
Brad Dock,3,2026-04-22 01:55:15,"udah sering saya disensus.tentang bansos tetep aja hari H nya nihil,malah yg lebih mampu dapet..bgmana ini kerja yg di atas?"
Muflih Almughiro,1,2026-04-22 00:10:08,aplikasin tidak bisa di buka
hamdi scream,2,2026-04-21 18:07:48,aneh sudah digital tapi yg masuk desil 1 gak dapat bantuan apapun.percuma dong d bikin digital juga
Nur Kesya nanda,4,2026-04-21 14:48:05,ok
Yenna Andarweni,5,2026-04-21 12:46:21,semoga bisa menurunkan desil
ardi saputra,5,2026-04-21 12:41:18,sandi benar tp tetep GK bisa masuk
Ratib Miftahudin,4,2026-04-21 12:07:03,Kenapa berulang kali daftar gak bisa bisa
Moch Syaroni,4,2026-04-21 11:50:53,ok
fanta sprite,1,2026-04-21 11:18:23,lawak...lawak... semoga allah membalasnya....
Satset Money,1,2026-04-21 09:42:40,tahun kemaren masih ngecek masih dot bantuan faskes sekarang udh digeser ajah desilnya pdhal masih ngontrak juga udh posisi desil 6-10ajah
Olivia,1,2026-04-21 09:13:05,"jahat, aku keterima snbp tapi desil ku 6-10, g mungkin dapet kipk, udah coba nurunin desil tapi gaturun².. kejam banget padahal gaji bapaku hanya 1,5jt/bulan dan kami juga menumpang untuk tinggal. 1,5jt dibagi dengan 5 kepala, dan juga 3diantaranya anak sekolah.. kenapa harus kejam banget ya? aku harus ngelepas snbp karena desil kaya gini, gapernah ada survey bisa bisanya berada didesil 6.. kejam banget!."
Udin Sahidin,5,2026-04-21 06:30:01,sudah usulkan tapi tidak ada respon sama sekali padahal desil saya 4
Asgar Yanuar Kadafi,1,2026-04-21 05:06:34,"mohon diperbaiki, aplikasinya tidak dapat dibuka"
Muhammad Rifki Januardi,1,2026-04-20 12:51:25,Hostingan sampah
Euis nurul Alviyah,4,2026-04-20 11:48:41,kok apknya g bisa dibuka apa sedang dalam perbaikan
Haris N Toro,1,2026-04-20 11:09:00,Update nya gak jelas alias lamban
Sri Raharjo,5,2026-04-20 10:26:39,"gimana cara daftar blt,bst,pkh"
Eko Prasetio,1,2026-04-20 07:51:12,gak bisa di buka aplikaainya
Saiwan BO,5,2026-04-20 07:24:52,skarang kok gak dpt bantuan pak
Heru sucipto,1,2026-04-20 03:24:38,sulit untuk mendownloadnya
Trioctan Laksmie,1,2026-04-20 03:18:00,Untuk membuat akun saja gagal terus
Ulfiyatur Rahmi,2,2026-04-20 02:52:23,"kenapa tidak bisa di usulkan,karna kalau RT tidak ada,cuman adanya kepala desa,kasi binatang 2 dulu sementara."
Dany Boncu,1,2026-04-20 02:49:03,aplikasi gajelas gabisa di buka bangke emang
Adiel 05,5,2026-04-20 01:57:46,Alhamdulillah pendaftar lumayan mudah
Purnama Jaya,1,2026-04-19 19:26:53,tida membantu sangat buruk
Ciyah Hilma,1,2026-04-19 18:01:22,"gk bisa ke buka"""
Husna Olivia,1,2026-04-19 13:51:05,aplikasinya gak bisa di buka👎👎👎
Samsung Ada,2,2026-04-19 10:05:37,tdk bisa reques pembaharuan data .selalu isi alamat RT padahal sudah diisi..harap di perbaiki.
WIDIYA,1,2026-04-19 09:57:26,aplikasi ga bisa di buka
Kezho Shadega,1,2026-04-19 07:54:05,Aplikasi nya kenapa gak bisa di buk???
Salwati,5,2026-04-19 06:54:56,semoga bisa 🙆 membantu kesulitan dijawa-tengah.
Bang Sa'at,1,2026-04-19 05:23:21,"Ajuin pembaruan data sama Usulan sampai berhari-hari belum juga ada informasi lagi, padahal udah komplit input data2nya,gmn ini aplikasi pemerintah melayani masyarakat nya"
Perwitaoktika Rini,1,2026-04-19 01:00:47,parah! proses verifikasi ulang katanya 3bulan udah mau setahun masih disuruh nunggu aja. pada kerja gak sih 😭
Muhammad Sawaluddin,5,2026-04-18 19:33:48,bagus
Naga Kecil,1,2026-04-18 17:44:04,aplikasi ini bisa ngasih info yang akurat tidak bos ku. setiap liat ko itu² saja berbulan-bulan tidak berubah... aplikasi pemerintah ko lelet updatenya.. kalah sama aplikasi abal² sering terupdate malahan. tolong di update pemberitahuannya bos ku
Umiyati Ernaningrum,1,2026-04-18 17:36:23,program beta sudah penuh saat ini program beta aplikasi ini sudah penuh. 😅😅😅
Shofi Ahsanulkarimah,5,2026-04-18 13:58:04,bagus
nocha chanel,1,2026-04-18 12:07:47,sangat tidak brguna
Dede Riska,1,2026-04-18 11:11:15,aplikasi teu jelas nga lilier rakyat letik
Widia Ningsih,1,2026-04-18 10:54:58,sudah 2006 bulan 4 data masih 2005 desember
Fiqih wanita,4,2026-04-18 10:21:16,agak lelet
ediey syahputra,1,2026-04-18 07:21:00,"mau pembaharuan data, RT RT boleh Opsional, Saat submit malah disuruh isi RT. saat diisi RT padahal sudah dengan di KTP, tapi malah tidak bisa, aplikasi apa ini!!!"
Hotman Sarumaha,1,2026-04-18 04:10:00,"Uda instal lalu coba login berkali kali tapi tetap ga bisa masuk, padahal jaringan seluler stabil, ganti ke wifi jg tetap aja gak bisa."
Sablon Berkah,1,2026-04-18 03:32:47,apk tidak berguna tidak bisa daftar akun sama sekali
Salma Muharram,5,2026-04-18 02:31:36,aplikasinya sangat membantu
sukriyah surya,1,2026-04-18 01:16:16,susah di buka nya
Nurfaizah,1,2026-04-17 23:48:36,"aplikasinya ga bisa diakses, buka aplikasi malah muncul nya hitam semua"
alfian akbar,5,2026-04-17 23:32:17,sangat bermenfaat
Amanda alifa,1,2026-04-17 21:43:36,gabisa dibuka
Nva T17,1,2026-04-17 21:32:18,gk bisa kebuka apk nya jelek
Akmar Wijaya,5,2026-04-17 18:47:12,pembaruan data
Ayub Dyllan,5,2026-04-17 16:39:24,ok
Azkiyah Iya,2,2026-04-17 15:44:08,"saya bru aja daftar, udh ada tuh notif ke ail dan di suruh login eh malah ga bisa login, gimana ceritanya ini, tolong perbaiki lagi ya, tau gini mah ga usah login, nyesel aku, tolong perbaiki min"
Lemeus Sinaga,5,2026-04-17 15:18:32,bgs bgt bsa mmbntu bngt pokoknya sy hrs ngsih 5 bintang
Annisa Hermansyah,5,2026-04-17 12:04:30,"sangat bagus aplikasi,memudahkan untuk mengecek kita mendapatkan bantuan atau tidak nya, dan bisa mengetahui kita berada di desil berapa terima kasih cekbansos"
Sultana Heryandi,5,2026-04-17 11:49:49,oke
Mil Mila,1,2026-04-17 10:15:34,udah di dounlot ulang udah di apdet ulang tetep ga bisa di buka berjam jam cuma logo doang habisa di buka
muha Risa,1,2026-04-17 07:53:38,apk gabisa dibuka. pdhal sinyal full buka apk yg lain lancar2 aja
Dede Sulaeman,1,2026-04-17 06:06:16,aplikasi tak bergina.!!!
Afdal,1,2026-04-17 05:48:29,"mohon untuk aplikasi agar di cek lebih mendalam lagi, untuk pengisian data yang tidak memiliki rt/rw sering mengalami error"
Iqbal Mira,1,2026-04-17 05:43:04,"tidak bisa membuat usulan secara mandiri, aplikasi php padahal mau mengusulkan orang tua yang sudah renta. hapus aja apknya. gak guna buat rakyat miskin."
Putri Mahkota,1,2026-04-17 05:39:58,desil 3 tersisih gk dpt apa apa.
Dika Andre,1,2026-04-17 03:40:04,aplikasi tll
Ujang Wahyu,5,2026-04-17 03:03:01,"aplikasi'y susah buat bikin akun juga,eror trus😇😇😇"
Heri Yati,5,2026-04-17 02:38:57,terima kasih
putra jamari,1,2026-04-17 01:54:43,aplikasi g guna samsek
sechu din,5,2026-04-17 01:27:33,mantaaap...
muhamad riko,3,2026-04-16 21:49:16,"senoga saja aku bisa terdaftar bansos ya... jarna saya juga orang gak mampu walaupun kerja itupun masih gak menutuoi semua kebutuhan ekonomi dan keluarga, semoga bisa membantu"
Putriizyani,1,2026-04-16 18:03:39,sdh instal tp layar jd putih ntah aplikasi nya terbuka atau tdk😩
Aldren Valden,5,2026-04-16 16:34:29,Kapan Slot Kosong Coba Untuk Ada Dapat Gabung Beta Dari Aplikasi Cek Bansos Jangan Lama Amat Kenapa ? 😤
Arik Copo,1,2026-04-16 14:53:45,udah tidak bisa lagi ya pakai aplikasi ini? Soal nya sering error
KA2 Story,1,2026-04-16 13:02:09,"tautan di kirim ke email katanya,giliran di cek gak ada,berbulan baru di kirim,ketika di klik sudah kadaluarsa,gini amat aplikasi sekelas pemerintah,"
Citra,5,2026-04-16 11:07:29,ok
Hamidah Nur,5,2026-04-16 08:05:41,Alhamdulillah 🤲 berkat aplikasi cek bansos ini .. aku terhubung dg bansos pemerintah.. trimakasih pak Prabowo dan dan Mensos Gus Ipul beserta seluruh jajaran nya .. juga para pendamping semua .. semoga program pemerintah ini terus berlanjut dan berjalan lancar .. amiin semoga Alloh SWT membalas kebaikan para pemimpin yg mengedepankan kepentingan rakyat terutama kami kaum yg perlu dibantu👍🙏
Kardy Ardiiansyah,1,2026-04-16 07:02:39,aplikasi cek bansos kapan ada update terbaru
CEKDAN90 PIJAY,5,2026-04-16 04:42:55,ok
Faishol Edy,1,2026-04-16 04:39:36,apk sangat tidak berguna. tidak bisa mencentang tombol usulan. sangat tidak tepat sasaran.
Vendor Shiwaeo,1,2026-04-16 04:32:24,gak bisa akses
Sri lestari _ome,1,2026-04-16 03:20:29,"ini aplikasi gagal sih menurut saya, kenapa saya katakan gagal, karena aplikasinya tidak bisa membantu untuk memperbarui data karena, tidak bisa submit. saya sudah melakukan perbaruan data sudah hampir 10 kali saya coba tetap tidak bisa sudah hapus cacha,paksa berhenti bahkan uninstal ulang aplikasi tapi tetap tidak bisa di submit. aplikasinya tetap minta ""silahkan mengisi RT "" padahal format pengisian RT sudah sudah benar dengan format 3 angka bukan 1 angka. masa bugnya sebulan penuh"
Nur Janah,5,2026-04-16 02:56:16,suka
Nasa J11,1,2026-04-16 01:24:37,💩
Khairin Niswa,1,2026-04-15 15:06:48,tdk bisa masuk padahal email pasword tdk salah
Fitri Mulyadi,1,2026-04-15 14:33:09,"jelek bet, udah lengkapin profil masih aja disuruh isi RT. padahal di awal udah ditulis jelas di aplikasinya sebagai opsional..hadeuh"
Mirna yulia Sari,3,2026-04-15 14:15:07,aplikasinya ngk bisa ke buka
Toni Gultom,1,2026-04-15 13:05:45,"maaf, tolong semua aplikasi semua layanan negara di jadikan satu walaupun beda instansi, dan tolong juga di aplikasinya ada teknologi Ai nya. Terima kasih 🙏"
Ria Fustika,2,2026-04-15 12:27:21,belom jelas desil satu Sampek sekarang nggak ada dapat
Penison Zebua,1,2026-04-15 12:14:50,suka eror pas pengisian data.padahal jaringan bagus aikk kacauu ini minn
Jafet Jafet,5,2026-04-15 12:11:15,ok .
Abdul Halim,5,2026-04-15 12:06:57,Tingkatkan lagi server ny biar proses data ny lebih cepat
Tamal putri Tamala putri,3,2026-04-15 10:11:32,😭😭😭😭
Supri Yadi,1,2026-04-15 07:36:38,kok enggak bisa kebuka😇😇😇
Tristan Alif,4,2026-04-15 07:16:26,"mau cerita sedikit,kan THN lalu aku dpt kesra kbtulan aku udh pindah dri tempat lahirku ,GK jauh tpi msh dpt kan pas ngmbil uangnya aku diketusin sama petugas"
Putri Maya,1,2026-04-15 05:57:14,jelek x aplikasinya.. dipersulit waktu upload foto
Sanusi Perlak,1,2026-04-15 04:27:51,"gk jelas aplikasinya, RT/RW disuruh kosongkan kalo gk ada, waktu selesai disuruh balik lagi isi RT/RW nya. aplikasi bodoh"
Iyan69 Pdg,1,2026-04-15 02:31:55,susah login
moch nasir,4,2026-04-15 02:27:03,cukup baik...
Nurul Lhyea,2,2026-04-14 22:47:11,"suka eror aplikasi nyah,kapan mau masuk nyah kalau emang ini aplikasi bansos jangan suka eror Mulu banyak yang mengunakan aplikasi ini"
Lina Karlina,5,2026-04-14 22:00:38,"pengalaman saya bansos saya hilang se Lsma 3 tahun waktu BNI alhamdulilah cair lagi waktu mndiri cuma 1 thn karna ada yg hapus, sekarang alhamdulilah saya bisa daftar secara sendiri lewat hp akhirnya sekarang cair lagi 2026 tahap 1"
Muhammad Iqbal,2,2026-04-14 15:15:29,"Aplikasi nya semakin tidak jelas, masak di imput data kita yg bukan², terus pas kita login ke akun tidak bisa masuk. tolong di perbaiki. terima kasih"
Juingli Lowing,1,2026-04-14 14:28:22,"susah bangat buka applikasinya, sangat tidak membantu"
Dahrul Amry,1,2026-04-14 13:57:17,"Yang punya aplikasi pemerintah,cukup bintang 1 yang bicara.buang buang data saya."
Ajen RV,1,2026-04-14 11:10:33,payah apk. baru login langsung logout sendiri.. yasalamm
Victoria Ayu,1,2026-04-14 10:08:26,ga jelas bangt aplikasinya suruh daftr giliran udah daftar udh bikin usename sama sandi gak bisa login
Nawi Juremi,5,2026-04-14 02:31:27,tur desil ku desil 4 bukan desil 6unkan.desilku.6.turun.kedesil.4
Aisyah Adws,2,2026-04-14 02:11:01,"Mohon maaf sebelumnya, saya ingin mengajukan keluhan terkait penurunan desil yang saya ajukan beberapa bulan lalu, dan belum ada tindak lanjut sampai hari ini. jika seperti ini dimana letak fungsi aplikasi ini yang katanya bisa digunakan untuk mempermudah urusan masayarakat terkait penerimaan bansos. Apakah memang memang kinerja aplikasinya yang kurang memadai atau pihak dibaliknya? Siapapun pihak yang membaca ini saya mohon bantuannya. Terimakasih."
Sabnadewi Putry05,1,2026-04-14 01:14:41,tidak bisa terbuka
Riana masrunsyah Riana,1,2026-04-13 23:59:14,tdk bisa masuk ke menu aplikasi setelah dihapus tempo hari
fery chrystyawan,1,2026-04-13 21:30:22,tidak bisa dibuka
Fankyclaude Fc,5,2026-04-13 16:51:54,baik
puspita sari,1,2026-04-13 16:47:47,"parah aplikasinya , padahal udh daftar akun dan udh ngisi dari No. KK sampe pembuatan password tiba"" aplikasinya keluar sendiri pas mau download foto dan KTP , lalu dan sya coba ulang lagi untuk buat akun yg kesekian kalinya , itu aplikasi keluar sendiri lagi dan keluar sendiri lagi untuk download foto dan KTP . tolong dong solusinya ."
Adi Drmptr,1,2026-04-13 16:31:42,COBA LIAT SEMUA KOMENTAR WARGA . ISINYA NEGATIF ASLI SEBEGITUNYA GABERGUNA NEGARA BUAT RAKYATNYA!!!
Gitaris Ogut,1,2026-04-13 14:30:04,ga pasti dan ga jelas ga tepat sasaran dan ga survei lapangan
Arsan Leonandasaputra,2,2026-04-13 14:13:07,"aplikasinya makin kesini makin gak jelas, gak bisa dibuka ,trus gak bisa login padahal udah benar datanya nama user sama pasword nya aneh"
Shima Rin,1,2026-04-13 13:58:54,"aplikasi pemerintah ngak jelas.setiap kali mau buat usulan selalu masalah jaringan. pemrintah desa juga ngak guna,bantuan cuma buat orang terdekat mereka saja. masa iya 2 anak lurah dapat bantuan tiap bulan. saudara rt juga satu rumah 2 orang dapat semua🤣"
Arjuna Terapi,1,2026-04-13 13:57:00,ini aplikasi ga bisa di pake ya aku 2 kali download tapi ga ke buka
Rully Sapitri,2,2026-04-13 12:58:54,koq susah y dibuka
Hello Queen,1,2026-04-13 10:54:01,"ga jelas, aneh."
PLP 1 Mat - Reza Mohammad Zain,1,2026-04-13 09:08:06,"aplikasi yang harusnya berguna malah jadi gak mutu, banyak bug nya, logika bahasa pemogramannya kacau"
Clara Oktaviana hubung,1,2026-04-13 05:55:33,"hapus aja deh apk kyk gini gda guna bgt, ga bisa dibuka mlhn loading mulu"
Anisah,1,2026-04-13 04:01:06,"sudah mengusulkan pembaharuan data tp gak ditindaklanjuti, no money no action ,,,,,,,,, paraaahhhh...."
BAKSO PGM,1,2026-04-13 00:44:18,aplnya ngebleng
Ali Zaenal,5,2026-04-12 23:58:47,susah dan lemot
Musisi Gagal,5,2026-04-12 23:53:36,aplikasi kurang Update tentang Bantuannya
Malik Danan,1,2026-04-12 21:50:44,sekarang dana di peruntukan untuk mbg
AIR 168,1,2026-04-12 14:14:27,di buka aja sulit 😣😖😫😭
Rusdi Enenk,2,2026-04-12 13:50:33,kenapa mau masuk g bisa2 ya ka
Alfi Tri,1,2026-04-12 13:14:50,nggak bisa di pencet dan dibuka
indah nuraeni,1,2026-04-12 12:37:59,jelek banget sih aplikasinya ... udah di donload malah gk bisa buka. layar putih terus ber menit menit. kenapa di suruh cek secara online sedangkan aplikasinya aja gk bagus alias jelexxx....teakk lah
nur latifah alby xaquille,5,2026-04-12 11:22:53,sangat bermanfaat
Aruel Lisme,3,2026-04-12 07:47:06,baru download gk bisa di buka anehh.. mungkin aplikasinya yg rusak apa hp nyq yg kurang canggih
Andi Pratama,5,2026-04-12 07:06:20,oke
Satria maulana,3,2026-04-12 03:19:12,kenapa ya fitur unggah foto rumah tidak ada lagi ya padahal ini versi resmi nya
Pangeran Cupu manik,4,2026-04-12 02:18:56,semoga bisa membantu mempermudah rakyat kecil
supri yanto,1,2026-04-11 08:56:28,tidak bisa d buka
Toharoh,4,2026-04-11 07:12:02,"knpa gak bisa k buka ya aplikasi nya,pdhal mau usulan🙏"
Uma Rahmad,1,2026-04-11 06:43:22,kenapa aplikasinya sekarang makin susah di bukanya tol9ng dong di perbaiki lagi
Davina Tatik,3,2026-04-11 05:48:23,kenapa di buka lemod
Rizki Alfian Novri,1,2026-04-11 05:46:29,"aplikasi apa ini, upload data gak bisa submit karna RT RW kosong. kami di aceh RT RW memang kosong. lagi pun disitu tertera jelas opsional jadi boleh ada boleh tidak"
Andi Nur martha bara,4,2026-04-11 05:18:33,Alhamdulillah aplikasinya sangat membantu yg dulunya ortuku TDK pernah dapat sekarang dapat kesra 1 kali
wawan wahono,3,2026-04-11 03:59:04,bug
Ayyu Srtk,1,2026-04-11 03:50:55,kayak GK ada manfaatnya bikin perubahan data GK diproses proses bikin usulan juga ada hasil🫢
Rt11rw05 Kartini,5,2026-04-11 03:29:33,aplikasinya nga bisa ke buka yg cek bansos
Sam Adiguna,5,2026-04-11 02:29:01,belum pernah menerima bansos berupa uang.
Siti Halimah,2,2026-04-11 01:34:42,ko ga bisa di buka sih
Sahrol Jodea,1,2026-04-11 00:07:36,upload foto untuk perubahan data tidak bisa selalu
Irfan Asror,3,2026-04-10 21:39:47,sekarang ga bisa di buka heran banget udah aku donlod ulang sma ja
Eka Wati,5,2026-04-10 20:35:30,anak saya balita dan SD ga dapat ya pak🙏
Nonci Tausu,3,2026-04-10 14:54:31,sangat bagus
Galih L Mahardika,1,2026-04-10 11:15:15,bantu sodara daftar susah aplikasi eror terus
Andi Saputra,1,2026-04-10 11:11:25,ini kenapa kok malah stak di logo cek bansosnya
Asyfa Anggraini,1,2026-04-10 10:56:30,"apa maksudnya? saya sudah isi RT nya tpi masih ada tulisan ""silahkan isi RT"" what????"
Salma Syakira,1,2026-04-10 10:46:49,"udh minta pengajuan desil ke kelurahan buat beasiswa kuliah tapi lamaa di cek disana juga desil nya masih di alamat yg lama,trus mau cek lagi di aplikasi ini aneh banget usn password katanya salah smpe harus beberapa kali pdhl bener akhirnya buat akun baru terus udah itu gabisa ngapa ngapain pas mau usulan nya katanya nik tidak termasuk penerima bantuan ..gmna sii ribet jyujurrr lamaa nungguin yg ga pasti"
Devita Depin,1,2026-04-10 10:24:50,"sabar yallah, capek. sama ini aplikasi"
Ferie Wuisan,3,2026-04-10 07:13:25,kenapa tidak bisa masuk.
Iky ALexander,3,2026-04-10 06:59:13,ada saja permasalahan di alpikasi .ini apl perlu di periksa kembali.atau upgrede dulu
gusti 12,2,2026-04-10 06:53:45,saya tidak bisa membuka aplikasinya
Selsi Dwioktasari,1,2026-04-10 05:55:59,Susah buat pendaftaran
Iwan Khadafi,1,2026-04-10 05:27:00,Krn aplikasi GK normal..saya hapus saya download ulang...ehhh malah makin parah.. aplikasi SDH terdownload tp dibuka kosong GK ada tampilan..aplikasi wong gilo..mau smpe.kapan aplikasi ini sprti ini...SDH penyaluran bansos kacau...ditambah LG tahap 4 kmrin mnghilang GK ada penyaluran pencairan .memasuki 2 THN penyaluran bansos makin diikuti makin GK jelas..
Raya Cell,1,2026-04-10 03:53:08,"setiap masukn kata sandi sll salah, mlh bikin stres"
Thedy Kawangtet,2,2026-04-10 03:24:50,"Ini program pemerintah kok macam permainan anak-anak yaaa, ini Negara kok banyak permainan..?? Aplikasi ini eror terus,data belum selesai di buat sdh error lagi.. tolong lah di buat baik sedkit, degan adanya aplikasi ini sudah sangat membantu meringankan beban masyarakat umum,sbb biasnya kami kumpulkan data di RT/Kampung terus menerus ttp kenyataan kosong tidak pernah dapat bantuan,, jadi tolong pemerintah perbaiki aplikasi ini biar lebih muda masyarakat bisa dpt input data sendiri di rumah..🙏"
DUNIA SHOLAWAT,1,2026-04-10 02:25:29,tidak bisa dibuka
Niki Setiawan,1,2026-04-10 02:05:20,"jaman digital tapi pembaruan harus manual, enak ya dapet anggaran bikin aplikasi"
Gendies Dies,1,2026-04-10 01:45:13,"Mo sinkronisasi data ke IKD aja susah gagal2 terus. akhirnya uninstall. Sudah diinstal ulang, tp aplikasi malah gabisa dibuka. Parah."
Zulkifli Maku,5,2026-04-09 12:49:52,bisa membantu orang miskin
Budi,5,2026-04-09 11:01:35,ok
mas mukhammad akbar,3,2026-04-09 10:44:04,"mohon diperbaiki dan diupdate ya aplikasinya, semua pengguna aplikasi ini mengeluhhh, banyak usulan yg harusnya ada tp tidak ada pada menu usulan pada aplikasi.. tolong diperbaiki dan diupdate secepatnya.. terimakasih"
rochmad arifudin,1,2026-04-09 10:09:23,aplikasi sulit dibuka
Obrin Hutabarat Official,2,2026-04-09 10:03:29,"aplkasi ini gk kompeten, saya aja sejak menginjakkan kaki d pulau jawa ini gk pernh mnerima yg nama nya bansos, pdahl saya dri kluarga yg gk mampu, makanya pada saat cek bansos d aplkasi ini desil saya lngsng 6 ke atas, bahkn hingga saat ini uda saya komplain ke kemensos yg bertugas di tiap2 kntor kelurahan, mereka pun gk bsa bntu mrubah desil nya, katany harus tunggu d cek langsung lgi oleh pihak BPS dan itu memakan wktu 6 bulan, pdhl tetangga saya yg perekonomiannya lbh bgs dr saya, dpt bansos"
handa yani,5,2026-04-09 08:16:24,sangat membantu
Daff` a,1,2026-04-09 08:01:44,Updated yang bener lah min di android 16 gak bisa nyanggah sama gak bisa buat bikin akun baru 😡
Dewiayu Rahmawati,1,2026-04-09 04:12:54,ini niat mau bantu atau gimana? aplikasi eror terus masa buat aplikasi gini aja kalian masih bisa eror di perbaiki lah
Rohani Hani,5,2026-04-09 02:32:17,sangat membantu sekali
Puji Awati,1,2026-04-08 17:59:27,aplikasi gk jls gk bisa buka udah keluar masuk tetep gk mau masuk
Nita Syaban,1,2026-04-08 15:56:30,"susah login, mohon diperbaiki"
Ola Liza billa,3,2026-04-08 15:51:32,"di KTP trtulis rt,rw:000/000 dan saya tinggal di kmpung yang tdk mmiliki nomor RT/RW resmi.waktu saya mau ubah data di apk cek bansos.disuruh msukkan rt:,rw: dengan tulisan dalam kurung opsional.saya tidak isi karna itu opsional dan mmgg dikampung saya tidak ada yg namanya nomor rt dan rw.saat smua data sdh saya isi mau submit,malah disuruh isi data rt.saat saya isi karna di ktp saya rt/rw:000/000,saya tulislh rt:000,rw:000,terus keluar perintah tidak sesuai dgn data kependudukan.itu bgaimana ya"
ss 3ou,1,2026-04-08 14:31:55,apk ngak jelas
Majujayacellular TgkHadi,5,2026-04-08 13:46:51,bagus
rudi hartono,3,2026-04-08 13:37:28,kurang mksimal
Jose Michael Gimenez,1,2026-04-08 12:47:22,orang saya kerjane karyawan toko biasa masa desil nya 6 sih... aturan 2/3 oh.... Makin Ngaco nih pemerintah!!!
Randa Sinamo,1,2026-04-08 05:52:59,"kecewa sih, giliran mau masukan akun udah bener pass dan usernya malah gangguan terus ini emang sengaja kali ya biar masyarakat miskin gak bisa mengajukan sebagai penerima bantuan lagi makanya sengaja banget dibuat terjadi gangguan coba beberapa saat lagi, gitu² aja terus yang muncul udah diba bolak balik terus"
adelia noorma,1,2026-04-08 05:29:49,"aplikasi g jelas,hudah daftar malah g bisa masuk, bajyak bgt keluhan tp g di tanggepin sama sekali, g ada jawaban pula"
Juan Revie,1,2026-04-08 05:19:19,"username dan sandi sudah benar"" tapi kenapa tidak bisa masuk juga"" sebenarnya niat kaga buat bantu rakyat"" makin kesini aplikasi cek bansos makin bobrok"
Muhammad Irwan,1,2026-04-08 05:06:46,Apk cek bansos tidak berguna di daerah tidak ada jaringan
juna bandung,4,2026-04-08 04:54:39,"ga bisa login ga tau knpa dulu gara""ke restal."
Ilham Azis Nugroho,1,2026-04-08 04:20:33,Tolong inikan aplikasi pemerintah mohon dipermudah bukan dipersulit. masa mau masuk keluar terus. udah masuk eh malah keluar lagi. tolong benerin
Pinarti D,1,2026-04-08 03:12:28,"kenapa tiap mau buat akun upload foto selalu kembali dari awal, bgtu² terus tolong di perbaiki lagi"
Sity Aisyah,5,2026-04-08 02:55:56,"aplikasi ini resmi gk sih,udh lama ngusul tp ko g dapat2"
Surja 87,5,2026-04-08 02:40:25,"aplikasi ini sangat bagus tapi sayang keluar sendiri , dan masuk nya susah sekali ,"
Husen KeyMey,1,2026-04-08 01:34:18,aplikasinya tidak bisa di buka 😪
Asnah Pandeglang,1,2026-04-08 00:02:53,"parah sekrng aplikasinya,,gk bisa dibuka,,,,!!!"
Santy Qoimah,1,2026-04-07 16:31:58,"ulasan udah mau 1tahun gak ada proses ,tolak atau ACC huh"
Supardiyanto Yanto,5,2026-04-07 16:24:05,siap aja dulu
bonteng official story,5,2026-04-07 15:04:55,bagus
Lailatul Fijriyah19,3,2026-04-07 12:52:58,Duuhh kenapa kok gak bisa di buka se apknya
Rushi most,5,2026-04-07 12:13:45,"Tolong Kemensos Sidak di Kec Balige, Desa Silalahi Pagarbatu. Sumut. Saya masuk Desil 6, Tamatan SLTP. Pekerjaan Buruh Kasar, dan tidak ada Usaha dan Gaji Bulanan."
Selvi Ana,2,2026-04-07 11:53:08,kenapa yah di aku apk nya gak bisa terbuka
NANG JAREG,1,2026-04-07 09:19:31,di buka aja gk bisa
Intan virginia,1,2026-04-07 09:04:16,padahal dari website sya dapat bantuan PKH dan sembako kenapa di aplikasi gk ada gakda kasih rating 1
Nugraha Dicky,1,2026-04-07 08:48:32,"tidak bisa di buka,cuma ngeblang putih"
Ekta Aurel,1,2026-04-07 04:13:58,masuk mau daftar baru g bisa swafoto ktp g jelas aplikasi gagal
jumranalik nadia,1,2026-04-06 23:54:35,gak bisa dibuka
Sayepun Tktau,1,2026-04-06 08:39:27,"aplikasi jelek, loading lama kali padahal jaringan bagus,tolong ya di perbaiki saya sudah muak"
Catur Wulandari,1,2026-04-06 08:12:42,"Tolong diperbaiki sistemnya. Tidak bisa diakses . mengandalkan perangkat desa sangat tidak bisa dipercaya, giliran mau daftar sendiri sulit."
mahardila fitriana,1,2026-04-06 08:11:28,aplikasi 👎
HHendra trisukmana,1,2026-04-06 07:26:53,aplikasi tidak bisa di buka !!!
Arifin Hafis,1,2026-04-06 04:55:08,Tidak memiliki fitur daftar baru
Rusma Wardah,1,2026-04-06 04:35:08,dasar ga guna daftar aj susah
muadz jabal channel,1,2026-04-06 03:33:52,"hallo ,ini mau login kok susah banget ya. dengan permalasahan koneksi bermasalah mulu,jaringan bagus padahal. tolong lebih ditingkatkan lagi pelayanannya terimakasih. 🙏"
lukman hakim,5,2026-04-05 13:58:11,bagus sangat membantu
Sulismuliyaningsih,1,2026-04-05 12:33:23,ora bisa di buka kecewa
tahmid aja,1,2026-04-05 08:10:21,mohon min cek data saya gak pernah dapat bantuan bentuk apapun tengtanga yang punya moto sawah rumah pun bagus anak saya dari TK SD SMP SMK 3 bulan liga lulus rumah saya pun mau roboh kalo di balang apa jawaban RT ngomong dari pusatnya klo kaya gitu buat apa ad RT giliran ad pemilihan RT kepala desa dan selanjutnya pada sibuk kesana kesini
sulkhan jateng,5,2026-04-05 08:05:18,gak bisa dibuka
Elang Karuniansyah,1,2026-04-05 07:06:52,orang2 pungli disini semua
Nur Syam,5,2026-04-05 01:32:10,"aplikasinya bagus banget nih ,saya bisa mendapatkan bantuan melalui aplikasi ini"
Alya Mehra,1,2026-04-04 19:29:53,kenapa saya tidak bisa membuka nya
Candra Wiguna,1,2026-04-04 15:18:53,"Saya disabilitas daksa amputasi telapak tangan kanan pekerjaan ojek online tp DTSEN 6-10 ,sudah memperbaharui usulan data melalui aplikasi cek bansos kurang lebih 5 bulan tp belum ada respon positif dari pihak terkait"
Yayu Okavia,5,2026-04-04 15:05:48,"tolong perbaiki lagi sbb dari Aceh tidak bisa isi data sbb Aceh tidak ada RT/RW nya,, tolong kendala ini di bantu"
Bintang Ganteng,5,2026-04-04 14:08:53,"Sy harap dapat bansos sesuai data yang tercantum dan di daftarkan. tks #bintang badrin, Kampung tengah."
Dede,5,2026-04-04 11:46:09,"Alhamdulillah sangat membantu,buat diri saya serta keluarga yg minim penghasilan saya yg hanya sekedar kuli bangunan"
Adek Farah11,1,2026-04-04 09:51:22,apk berad sekali di bukanya
Lilisnawaty Irwan,5,2026-04-04 04:51:26,terpercaya
Ardhy,1,2026-04-04 04:19:42,"Hanya orang dalam yang dapat, bantuan selalu salah sasaran"
Hilda Yuli,1,2026-04-04 03:59:55,Aplikasi busuk kaya gini
Risno Suherwin,1,2026-04-04 02:41:14,buat akun mentok di foto
d. xzhy,1,2026-04-04 01:32:29,lambat
Mat Zupry,1,2026-04-04 00:30:14,"aplikasi punya dinas semakin gak karuan mulai tidak transparan . dulu cek bansos gak perlu pakai nik , cuma nama dan alamat sudah bisa. aplikasi sampah"
Mb Juis,5,2026-04-03 23:06:53,susah masuk
DesiLivhia,1,2026-04-03 21:23:40,sdh dftr akun.. msih tdk bsa login.. aolksi sampah buang kuota
Putri Indri,5,2026-04-03 20:43:06,Benar-benar bermanfaat bagi saya
Keliks Sajianto,1,2026-04-03 19:12:47,susah dan lemot
Pur Yadi,1,2026-04-03 17:13:57,aplikasi ini kenapa padahal sudah lengkap sudah klik tombol setuju sampai sepuluh kali disuruh balik login lagi
Candra tarigan,5,2026-04-03 15:38:00,propinsi. aceh.kabupaten. aceh singkil .kecamatan. suro makmur .desa. siompin .dusun. 02 saya bukan orang kaya kenapa saya tidak bisa mendapatkan bantuan berupa PKH anak saya 4. tiga anak saya duduk di bangku sekolah SD. kemanakah pandangan keder kader di desa saya (siompin) apakah suda buta terhadap rakyat kecil seperti saya ini🙏🙏
Md Sudana,5,2026-04-03 15:09:02,sangat bagus
Siti Sundari,1,2026-04-03 13:27:56,aplikasi nya g bisa d buka
Tessa Nova merlin,3,2026-04-03 12:00:59,tidak bisa membuka app nya kenapa yaaa
Dian Toro,1,2026-04-03 08:57:05,"gimana mau masuk, daftar aja gk bsa,,,aduh bos2"
Nurcahya1993 Cahya,5,2026-04-03 00:24:55,tapi sulit dibuka kenapa
Nyoman Lisna,1,2026-04-02 21:40:08,"setelah daftar lalu kemudian dihapus dan download kembali malah tidah bisa log-in tampilan seperti nge-lag, aplikasi sangat sulit digunakan"
Afifatul Khilmiyah,5,2026-04-02 15:09:17,aplikasinya kok nggak bisa dibuka
Nur Azizah,5,2026-04-02 12:38:46,"SENGAJA BINTANG 5 padahal anu Terima kasih telah membuat aplikasi yang sangat tidak sesuai espektasi masyarakat, mau login yang jelas² saya punya akun dari tahun 2025 sangat lama proses login nya terus salah sandi reset sandi nya juga error masa link sudah kadaluarsa, ulang lagi tidak ada email baru yg masuk Astagfirullahaladzhim sungguh pemborosan uang negara ini aplikasi, tolong dong diperbaiki lagi bug nya, masa beberapa bulan lalu desil 2 beberapa menit sebelum saya ketik ini jadi desil 4."
Oip,2,2026-04-02 11:57:46,kenapa bpnt desa Sukamukti kecamatan Cisompet kabupaten Garut belum cair
Hielma fikrianur,1,2026-04-02 10:42:46,malah ga bs dbuka
King of the beast,1,2026-04-02 08:24:52,"bahaya ni aplikasi minta foto + pegang KTP. kalo foto KTP aja gamasalah. takutnya disalahgunakan ke pinjol. tau sendiri negara ini data diri warganya aja bocor ke asing. mau dapat bansos, eh malah kelilit pinjol."
Mulyati Yati,5,2026-04-02 08:09:01,mantap
Afnan Boys,1,2026-04-02 07:33:03,"padahal desil 2 biasanya dapat bansos malah dalam setahun g dapat sama sekali, padahal dapat KKS, saran kalo memang sudah g dapat gpp, asal di beritahukan alasanya biar orang orang tidak mengharapkan, trus aplikasinya juga g transparan untuk pengeceknya"
ANNE AZZAHRA,1,2026-04-02 06:10:05,INI GMN SIHHHH GA JLS MASA EMAIL BARU NYAA NGGA BISA DI BIKIN DI GOOGLE ANEHHH BNGTT MANA LEMOT
Abu Kari,5,2026-04-02 05:48:22,"sudah lama saya usul kan PKH,ko status ny usulan terus,apa ni aplikasi resmi atau tidak ya"
Rifka Cha,1,2026-04-02 05:26:01,niat bikin aplikasi ga sih ini? log in aja susah ga bisa²
Heni Setyaningrum,1,2026-04-02 05:02:45,"baru kehapus dan install ulang, tapi malah stuck layar hitam. koneksi lancar dan untuk apk lainnya juga lancar."
Dila Juliyanti,5,2026-04-02 03:40:27,bagus banget
Ikin Sodikin,5,2026-04-02 03:38:31,buka susah
Nellya Sopiani,1,2026-04-01 23:32:36,"masuk nya susah,,, Sudah berkali Kali d coba, duhhh gx Ada guna nya Ada aplik cek bansos kalau tidak bisa buat cek apalgi masuk,,, saya tidak pernah dapat bantuan Dari pemerintah setempat ."
Addien 20,1,2026-04-01 18:37:16,down grade
Muhammad Asoka,1,2026-04-01 16:15:34,"pa maaf tolong kalo buat aplikasi tu di maintenance,aplikasi rusak gini ngapain dibuat. mau register aja dari kemarin error mulu,ketika mau di submit datanya malah balik ke halaman login.gimana mau login daftar aja gabisa. hadehh"
Emang Ogir,1,2026-04-01 13:57:39,"lihat daftar pake nik KTP pake nik KK Poto KTP kta ya ini udah di pake terus KTP saya sama KK saya punya orang gitu Wei orang dinsos sekolah ngak si kl beri alasan yang jelas dan masuk akal ngak jelas banget bikin aplikasi, lihat iran bikin rudal tepat sasaran masa bansos yang di dampingi beberapa pihak masih ngak tepat heran"
Rahmi Yama,5,2026-04-01 13:40:22,ok
Rayshava,1,2026-04-01 13:39:14,aplikasi ga berguna g bisa di buka
Elsa Yulyani,3,2026-04-01 12:10:31,mau buat akun terus gagal. tolonglah dipermudah
Heri Utama,5,2026-04-01 10:00:53,"mf kpd pemerintah terutama yng membuat aplikasi ini, aplikasi nya tdk akurat menurut saya: saya sebagai pengguna app cek bansos ini, masa di keterangan nya saya bkn disabilitas, padahal saya ini disabilitas netra yng sejak dlu sampai sekarang blm pernah sama sekali, dpt bantuan program apa pun dri bansos: dgn demikian, tolong kpd pengembang, untuk app ini, di perbaiki ke akuratan data nya."
Iit Rohimah,5,2026-04-01 10:00:13,semoga aja saya bisa dapat bantuan sembako sama PKH udah di cek desilnya ternyata desil 3 semoga aja dapat bantuan
Yazha Islah,1,2026-04-01 09:27:17,"banyak yang kurang akurat dan tidak Update Datanya. dan atas dasar apa menilai keluarga yang terdaftar DTSEN dan Desil 6-10 sedangkan tidak ada survei ke lokasi. dan adakah solusi untuk memastikan kalau Desil itu tepat sasaran. lalu bagaimana nasib yang tidak memiliki pekerjaan tetap, yang tidak memiliki gaji UMR/ UMK. DTSEN ITU gak ada guna, makan gaji buta, coba turun kelapangan,"
SILVANA LAILA,2,2026-04-01 08:43:29,KENAPA SETELAH SAYA UPDATE APLIKASI INI DAN TIDAK SENGAJA TERHAPUS DAN DI SAAT SAYA SUDAH INSTAL KEMBALI TAPI SUDAH TIDAK BISA TERBUKA LAGI. DI MANA KESALAHANNYA DAN GIMANA CARANYA AGAR BISA TEERBUKA KEMBALI INI APLIKASINYA. APAKAH ADA PERATURAN BARU...
Iis Kumaeni,5,2026-04-01 07:58:26,"Gimana cara mengatasi lupa password sy dah coba berkali"" ga pernah bisa kalo instal ulang yang nongol ini lagi 😭...kalo klik lupa password tar keluar email kadarluasa mlu"
giaakk,1,2026-04-01 07:51:30,"aplikasi gila gua udah daftar malah gabisa login,nipu lu ya"
Sulis Dwi (Tengkurik),1,2026-04-01 07:34:13,saya sangat kecewa. mengajukan sudah bebulan bulan gak ada vertifikasi. bahkan seperti aplikasi ini sudah tidak d pakai. tidak ada respon sama sekali. data juga tidak cocok cek d aplikasi ini sama link cekbansos komensos.co.id
Yuyun 1,2,2026-04-01 07:14:03,"kenapa saya tidak bisa melihat desil saya,aplikasi ini sekarang sudah tidak bagus"
chusnul mubin,1,2026-04-01 05:05:34,"Ngabisin anggaran negara aja Bikin aplikasi tapi gak di kelola bener bener, pada stroke apa gimana ini penanggunh Jawab aplikasi nya"
Reza Guspaldi,1,2026-04-01 04:58:58,"update datanya terlambat,untuk pengusulan lambat."
Mamah Nadia,5,2026-04-01 03:53:11,kenapa g bisa di buka
Jupri Pkh,5,2026-04-01 02:17:48,Bermanfaat
Indra Kurniyawan,5,2026-03-31 22:36:37,bagus
Romie Andrian,5,2026-03-31 20:56:57,senang
Riri Andari Br Situmorang,5,2026-03-31 15:02:15,tolong dong tiap bulan harus di-update data-data di aplikasi cek bansos nya
Dwi Okta,1,2026-03-31 14:30:47,ini aplikasi bisa di pake pa gak sih nyesel bgt download uda isi data tau2 kluar sendiri g bs di pake 👎👎👎👎 parah2...
Dewi Hapipah,1,2026-03-31 13:59:45,"mau daftar akun baru, pas mau upload foto selalu keluar terus tolonglah masa aplikasi pemerintahan gak jelas gini sih"
Yesi Amelia,1,2026-03-31 11:39:17,"ga jelas, aplikasi ga jelas! padahal user name sama sandi dah betul tapi gagal"" terus, sekalinya masuk malah di bilang sesi anda berakhir, ga jelas emang!!"
redi sangkar,5,2026-03-31 11:20:58,saya mau tanya kenapa cek bansos di hp saya tidak bisa di buka yaa. saya minta tolong solusinya dan sarannya supaya aplikasi cek bansos saya bisa terbuka lagi di hp saya.
Retno Palupi,1,2026-03-31 08:44:16,"mau login , isi data dan keluar trs ga ada beres"" utk isi data"
Emoel Yadie27,5,2026-03-31 08:30:57,bintang 9
Jusmiati Mia,5,2026-03-31 04:28:40,bagus
Hendro Darma26,4,2026-03-31 04:08:02,"bulan Desember kemarin masih dapat bpnt sembako dan kartu kks dapat,sekarang desil bisa berubah 6-10,padahal keadaan masih tetap tidak berubah. sudah mengusulkan,sampai sekarang tidak ada perubahan desil,masih tetap tunggu verifikasi data."
Warno Suwarno,2,2026-03-31 03:55:18,"Maaf Min.. ini untuk Aplikasi Cek Bansos setelah Pembaharuan ke Versi 3.1.1 pada tgl 04 Maret 2026 kemarin kok kembali ke Versil Lama memakai NIK lagi Min..? Jangankan NIK orang lain, dengan NIK kita sendiri saja kita tidak Hafal Min..! Sudah memakai NIK masih juga dibatasi Maksimal cuma 5 x kita bisa melakukan Cek Bansos di Aplikasi. Bagaimana kita bisa ikut Berperan Serta membantu Mengawasi Program Bantuan Sosial bisa Tepat Sasaran Jika Sistem dibikin lebih ribet, bukannya malah dipermudah."
Plentong Tong,4,2026-03-31 03:54:44,dipakai Lebih mudah
Suherman,1,2026-03-31 03:53:56,"untuk usulan mandiri tolong perbaiki layanannya, saya mau usulkan tetangga saya yang sebatang kara, dalam fitur sekarang tidak bisa upload Poto sebagai referensi kelayakan penerima, langsung ke desa gak jelas apakah di urus atau tidak karena setelah mengusulkan gak pernah ada kabar lagi tapi tiap ada bantuan saya selalu melihat orang yang cukup kaya malah dapat, saya tulus menjadi relawan untuk mengusulkan masyarakat yang benar-benar tidak mampu, Agar masyarakat Indonesia bisa sejahtera"
Edi Yana,1,2026-03-31 03:06:18,aplikasi blm siap sudah di luncurkan Al hasil susah untuk login dan error terus
Yulfida Maharani,4,2026-03-31 02:17:55,memudahkan orang untuk mengecek bansosnya tiap saat bila diperlukan
R RuDi,5,2026-03-31 02:12:06,terimakasih 🙏🙏🙏
Sachmad Mad,5,2026-03-31 02:09:41,semoga bermanfaat
Jihan Chanel,1,2026-03-31 00:50:02,not responding aplikasinya payah
la yono,5,2026-03-30 23:43:32,sangat membantu
Ahmad Cecep,5,2026-03-30 21:08:30,top
Abdusy Syakur,1,2026-03-30 19:37:59,tidak bisa membuka dan login salah trs
ADITIA HAMDANI SAG,2,2026-03-30 17:01:39,min ga bisa kebuka yaah blang hitam
Karim,1,2026-03-30 15:18:07,apk ga berguna sudah di perbarui data masih aja proses Mulu sudah 1 tahun lebih
Yu Di,5,2026-03-30 15:02:23,bagus dan akurat
Seren Regina,5,2026-03-30 13:22:49,banyak3 terima kasih buat pemerintah berkat pemerintah saya bisa membeli kebutuhan anak bayi sya seperti pemres susu sebelum nya kmi tidak bisa membeli nya ya meski sesekali tp berkat bantuan pemerintah saya bisa memaksimal kan gizi buat anak sya trimaksih 🙏🙏🙏🥺🥺🥺
Erlin Parlina dewi,1,2026-03-30 12:15:31,kenapa aplikasinya gk bisa dibuka
Suci Suhadani,2,2026-03-30 11:01:37,UPDATE DATA WARGA MIU nkn kebalikannya 🥱
Namiroh,1,2026-03-30 09:42:52,ap ini sumpah bikin binggung udah di daftarin masa g ada data yg di temukan
Syifa ajah,3,2026-03-30 08:51:25,"Sudah ngusul dari bulan November 2025 sampe sekarang blum ada perubahan,, desil 4 tapi blum pernah dapat bantuan apapun"
Mulkan,5,2026-03-30 07:39:33,aplikasi nya sangat berguna
Dimas Irvan Hariyanto,1,2026-03-30 06:44:27,mau daftar aja susah banget pas mau foto selfie sama foto KTP aplikasi selalu keluar sendiri dan harus mulai lagi dari awal. terus menerus seperti itu sampai akhirnya saya nyerah buat isi data diri
War Yah,5,2026-03-30 06:28:18,sangat membantu
Haikal Ramdhan,1,2026-03-30 05:09:43,super super lemot🫵🏼
Yeni Agram,5,2026-03-30 04:54:37,alhamdulillah Ya Allah 🥰🤗
M iqbal Ramadhani,1,2026-03-30 04:50:02,"halo Kemensos, izin saya ada keluhan terkait login akun. Begini, Saya sudah buat akun tapi kok tidak bisa login bagaimana ini solusinya? Sudah saya cek beberapa kali username dan password sudah benar namun tetap tidak bisa login. Tolong solusinya dong bagaimana ini"
Fellicia Shinta Bella F,1,2026-03-30 04:13:54,scam
Miftahur Rokhman,1,2026-03-30 02:38:55,"aplikasi buatan pemerintah gada yg beres cok,pake anggaran tapi bikin aplikasi gada yg bener dari dulu 🤣 mau login ga bisa dengan alasan jaringan bermasalah,tapi login aplikasi laen bisa lancar,cepet loginnya🤣"
Aji Prasetyo,1,2026-03-30 02:07:00,tidak ada solusi bagi perantau PKH dan bansos awal dapat suruh ambil di wilayah masing masing
Vita Afiza,2,2026-03-30 00:45:12,knpa blackscreen saat buka aplikasi cek bansos
Marhim Aking,5,2026-03-30 00:44:25,petani
Iwencariwen,3,2026-03-29 22:17:33,kenapa saya mencoba masuk malah ngbug di logo saja 🤔🤔🤔
Eddy Muddin,5,2026-03-29 19:22:23,ok
Cindy More,2,2026-03-29 15:13:25,udh download di buka aj gk bisa apk ny gmn mau pakai
Siti Khomariah,5,2026-03-29 08:31:30,jangan memakan banyak ram hp kecil
Lisa Andriani,2,2026-03-29 05:41:15,aplikasi gk bisa dibuka
"Misbah, S.Pd.I bah",5,2026-03-29 05:36:01,mudah di akses
Dayat 0001,1,2026-03-29 04:11:49,aplikasi apaan nih... tidak bisa dibuka (blank putih)
Anugrah Kamal,5,2026-03-29 02:44:49,mantap
RUDI HADI SAPUTERA,5,2026-03-28 23:25:07,is the best
S Dkk,1,2026-03-28 14:44:57,"tdk dpt bantuan lagi semenjak Juli 2025 karena kesalahan data pekerjaan. tertulis rental mobil, dan motor. diajukan pada bulan November namun saat ini tidak ada kepastian. sangat sangat buruk tidak mementingkan kepentingan rakyat tetapi kepentingan perut mereka sendiri. nyatanya orang tua buruh harian lepas dan ped sayur keliling. sudah mengajukan ke dinsos kota tp hasil nihil karena ini kesalahan data pekerjaan tapi sampai saat ini nggak ada kabar dan nggak ada kepastian. mati aja kalian🙏"
Baya Ashila,1,2026-03-28 13:25:58,ga bisa login padahal sudah hapus cache
Anisyah Sahlan,5,2026-03-28 10:46:51,toopp
Dear Diary,1,2026-03-28 02:58:16,pal parah... GK bisa membantu ribet daptar nya harus ke capil
Legi Ono,1,2026-03-28 02:42:08,yg lebih miris lagi kerja kuli serabutan di data desil 6-10 padahal yg bermobil dan punya sawah banyak masih dapet pkh miris banget
Darna Wiyah,4,2026-03-28 01:34:30,knpa tidak bisa di buka aplikasinya di hp saya
Nafaya Nirvana,5,2026-03-28 01:21:45,tidak bisa terbuka
Mami Aillakea,1,2026-03-27 23:55:55,sdh 2x download uninstall ya setiap di buka apk langsung blank putih sdh 2hr kyk gini
Adam Makna,1,2026-03-27 12:51:48,sulit melakukan sanggahan karna tidak dilengkapi dgn RT RW nya
Sofian Tanjung,1,2026-03-27 02:56:57,di-update Mala gak bisa dibuka
Vianthy W,5,2026-03-26 03:18:16,💯Mantap
Desi rahmawati,1,2026-03-25 14:44:31,"awal masih bisa buka apk tapi sekarang udh hampir 2/3 bulan ga bisa di buka apk nya, uninstall trs install lg ttp aja ga bisa kebuka, lewat website juga maintenance trs knp ya. tapi liat di sosmed masih ada yg bisa dibuka apk ny dan bisa cek bansos"
Sirlan Lamarano,1,2026-03-25 09:34:38,saya sudah unduh pas di buka nggak mau
Syafruddin Syafruddin,5,2026-03-25 04:53:08,sangat membantu
Erwin Ganteng,2,2026-03-25 03:47:18,saya tidak tau carax slalu login walaupun sudah di lakukan semua langkah2 yg di ajarin
Nismawati Wati,5,2026-03-24 23:45:23,mantap
Ahmad Alkahfi,4,2026-03-24 17:08:23,"lancar, lancar jaya sih apk ini utamanya untuk membantu pengecekan bantuan"
iswahyudik,5,2026-03-24 10:58:09,kenapa dari dinsos kok lama sekali sudah setahun belum ada kabar lagi
aida yumidah,5,2026-03-24 09:28:25,"alhamdulillah, akun aku sudah kembali di apk sik ng. dan sudah bisa di gunakan kembali"
maidir pks barona,5,2026-03-24 04:05:25,baik pak
one hand,5,2026-03-22 16:52:17,tolong di permudah lagi untuk melihat penyaluran bansos yg d dapat tanpa harus memasukkan nama penerima bansos
Bidari Janah,1,2026-03-22 07:33:25,sampah
Sahrul Ramdhan,5,2026-03-22 03:20:07,"tolong dong di perbaiki, pengajuan saya selalu muncul tulisan error, saya kasih bintang 3 dulu kalau sudah bisa baru saya ubah ratingnya, terimakasih 🙏🙏"
Lukman Efendi,1,2026-03-21 15:11:22,tidak bisa dibuka
Lia Camelia,5,2026-03-21 02:14:46,bagus
P Paa,1,2026-03-20 18:59:56,aplikasi sampah
Zuria Oke,2,2026-03-20 17:03:25,aplikasi gak bisa terbuka sama sekali
Ana Krisna,1,2026-03-20 05:58:59,"aplikasi apaan sih ini, udah di download tapi gak bisa dibuka... kenapa sih aplikasi dr pemerintah kok jelek2"
SYIFA ZAHIRA,5,2026-03-19 19:24:56,yang terbaik
Adhy Syahfutra,5,2026-03-19 16:17:18,aplikasi sampah aplikasi tidak berguna sudah melakukan pengajuan di aplikasi ini dari bulan lalu sampai sekarang belum ada hasilnya
Solihin Nst,4,2026-03-19 14:42:55,aplikasi ini sangat bagus
THE PORONK,3,2026-03-19 07:56:18,kalou bisa lebih teliti lagi. saya menyaran kan tolong audit tempat saya agar bansos jatoh pada orang yk tepat. bukan nya yang kaya makin kaya yang miskin makin miskin.
litle man,5,2026-03-19 07:20:44,jos jis
Rudipemao Rudi,3,2026-03-18 19:46:12,gk bisa di bula
eko djatilaksono,5,2026-03-18 14:37:49,banyak bansos yg salah sasaran
Wahyu Chanel,5,2026-03-18 08:41:53,kenapa tidak bisa di buka
Google akun,3,2026-03-17 23:10:33,kenapa apk ku setelah di update malah gak bisa di buka sama sekali ya ..?
Marience Paulina,5,2026-03-17 22:42:11,"Baru mau cek penerima bansos ,, tau² tertulis mengundurkan diri dari penerima bantuan.. Belum juga dapat undangan ,, kenapa di aplikasi tulisan nya seperti itu ya warna merah pula dan ngga bisa diapa²in lagi . Haduh niat ngga sih mau kasih bantuan untuk masyarakat ?? Tolong lah ada fitur yang bisa menyanggah balik permasalahan seperti ini, mana mungkin ada warga yang desil 1 dan sudah disurvey langsung ke rumah oleh petugas dari dinas sosial dan kelurahan menolak bantuan.. Terima kasih 🙏🏻"
Giman Suprianto,2,2026-03-17 21:58:43,gak bisa ngomong kasar tp tlong di perbaiki atau di hilangkan dari playstore
Sean Adithama,1,2026-03-17 16:08:22,sampah login aja susah banget
Sefty Mustika,1,2026-03-17 15:34:10,"ga bisa masuk, tolong lebih niat donk kalo bikin apps."
Casuli Suli,5,2026-03-17 07:32:48,baru mencoba semoga berhasil dan bermanfaat
Elzan Putra,5,2026-03-17 04:22:06,tidak bisa dibuka lagi aplikasi nya
Ipan Nugraha,1,2026-03-17 03:52:27,"Tidak bisa dipakai untuk usulan atau sanggah, proses nya stuck tidak ada kemajuan"
Wawan,5,2026-03-17 03:26:36,sangat membantu
Opung GRUP,1,2026-03-17 02:36:41,aplikasi eror GK bisa dibuka taik taik
buban tea,1,2026-03-17 00:57:17,aplikasi kacau
wina halimah,2,2026-03-17 00:56:07,jadi susah.lebih gampang cek nik
Paskah Daeliy,1,2026-03-16 21:57:52,"Awalnya Aplikasi Cek Bansos ini saya Download karna saya harap data yang saya cari dapat saya ketahui. Namun kenyataannya, data yang ada malah belum ter update. sangat kecewa...."
Diyah Sulasmini,1,2026-03-16 21:39:31,aplikasi nya jadi jelek bgt
HELIZUD,1,2026-03-16 19:05:22,menu usulan tidak berfungsi
Kaiden Bolton,1,2026-03-16 19:04:46,"GK aparat nya GK aplikasinya ,semua palsu. untuk aparat yg mendata aneh,masak rumah pribadi ada,pekerjaan tetap ada,juga punya banyak barang mewah,hidup kecukupan ,masih dapat bantuan,kami yg cuma rumah kontrak bulanan satu petak,kerja kuli bangunan GK pasti,hidup kepontang panting,sulit untuk ajukan bantuan,sama kayak di aplikasi, menu usulan,GK bisa di akses,parah Indonesiaku..."
Dimas Hadiansyah,1,2026-03-16 08:43:15,sudah log out otomatis saat mau masuk malah gak bisa...
intan nurfadila,3,2026-03-16 04:36:03,ini gimana yah udah di download kok gabisa2 dibuka alias layar nya hitam terus
Abdi Somat Hutabarat,4,2026-03-16 04:25:52,"Aplikasi bermasalah, ketika pengajuan PHK PBI DLL koneksi gagal terus E69, mudah2an bisa diperbaiki secepatnya"
Lia Barokah,1,2026-03-16 02:40:25,tdk bsa s buka sama sekali
AFIFA NAHDA,5,2026-03-16 01:48:43,sangaatt baik
Jefry Langi,1,2026-03-16 01:22:22,aplikasi sdh berbulan2 tidak bisa dibuka
Heru Purnomo,1,2026-03-15 23:30:58,"setelah di perbarui, bukan makin bagus, malah makin error.. sebelum di perbarui bagus, setelah di update malah tidak bisa masuk. udah di coba berkali-kali gagal terus, sampai di install ulang, tetap juga gagal masuk...!!! 😕🙄😓"
Nirwana Wana,2,2026-03-15 17:34:53,mintk di updste sudah di update mlh mngkin gk bisa di buka tolong aplikadinya di bner kn dulu
Siti nur Varida,5,2026-03-15 14:20:07,bagus banget
Ayu Fan,1,2026-03-15 08:23:53,gk bisa login aplikasi paling buruk yang pernah saya instal bahkan bintang 1 saja terlalu berlebihan untuk aplikasi yg bahkan gak berguna sama sekali
Leo Blake,5,2026-03-15 07:02:58,sekarang aplikasi ini jadi aplikasi sampah yg gak ada gunanya utk rakyat. masih banyak yg tidak tepat sasaran
Erwan Zabrig,5,2026-03-15 04:38:29,bagus
Shamy Df,1,2026-03-15 02:47:40,"aplikasi gak singkron,gak update data,kacau."
Liputan Penghasilan Online,1,2026-03-14 21:40:35,saya mau mengusulkan bantuan sosial tapi kenapa terjadi kendala error
Zubaidah Ida,3,2026-03-14 18:23:46,bagus tapi kenapa menu usulan kok terkendala
Yudi Sapta,1,2026-03-14 17:56:21,"Aplikasi sampah, emang kalau udh berkaitan dengan pemerintah, gak ada yg beres"
Yogi hermawan,1,2026-03-14 17:54:04,"assalamualaikum pak kenapa setiap saya mau minta usulan selalu eror dan Sinyal na padahal sinyal bagus,... kenapa setiap buka aplikasi selalu eror kka,... sesudah di update ko ada tulisan perhatian anda tidak terdaftar sebagai menerima manfaat padahal kan saya desil 1 dan lihat di google keterangan pbjk saya aktif kenapa di aplikasi cek bansos ko ada tulisan begitu setelah di update"
Khayla Ramadhania,2,2026-03-14 13:23:29,"ini kenapa deh gabisa dibuka, apa lagi ada update an?"
Eric Yanson,5,2026-03-14 10:07:33,bantuan segera hadir
EDI HANDOYO,5,2026-03-14 08:03:12,"punya rumah dari warisan orang tua, tp penghasilan pas²an kadang kurang. sejak 5th yang lalu, masuk kategori yang mana ya.... ?"
Aristian Priojati,1,2026-03-14 07:53:34,apk ngga jelas
Pebri Septian,1,2026-03-14 05:36:18,"apk gk guna, masuk susah banyak cacicu segala macem"
H3R 31,1,2026-03-14 05:10:28,usulan ha bisa di tambah
Herman jaya wokito,1,2026-03-14 03:03:15,Data penerimaan bansos tidak di perbahurui.... ayo lah kerja jgn makan gaji buta....
M Soffan,1,2026-03-14 01:22:17,sangat membingungkan aplikasi ini .tidak bermutu
fa zahra Alfian,1,2026-03-14 00:00:32,ini kenapa kesalahan koneksi terus sih padahal wifi kenceng!!!!!
Slamet Ryanto,3,2026-03-13 23:00:56,good job...
Benya Djata,5,2026-03-13 18:59:40,"aplikasinya bagus bisa mengecek kepesertaan penerima bansos, dan desilnya"
DEDE DERRYANTO,5,2026-03-13 18:00:16,Alhamdulillah terimakasih sukses selalu
fael saini,5,2026-03-13 17:44:41,aplikasi yang sangat bermanfaat
Monster Black,5,2026-03-13 15:08:12,"seharusnya di aplikasi di munculkan status cek rekening ,spm,dan SI jadi gak bolak balik tanya ke operator desa siks Ng/ pendamping PKH,biar transparan jadi semua bisa tau prosesnya"
Budi Purnomo Official,1,2026-03-13 12:13:39,Mohon untuk melihat status pengambilan bantuan Bansos nya kapan dan bisa ngecek tiap hari nya penerima manfat nya dari KPM nya
Rizieq 2025,2,2026-03-13 11:24:08,gk bisa login apk apaan
Sableng Wong,1,2026-03-13 07:25:02,tidak bisa masuk
Arma Gejod,1,2026-03-13 06:00:12,ini niat bikin aplikasi ga sih? knpa lamban bgt upgrade nya???
Rosmaidar Maidar,1,2026-03-13 03:58:16,itam semua lyr ny.. data ny pd kmn
Masduqi Ahmad,4,2026-03-13 02:47:34,saya belum dapat bantuan apapun saja
De Mxsobari,5,2026-03-13 02:42:34,mempermudah pemerosesan pengetahuan masyarakat ..
Sukir,1,2026-03-13 00:07:35,mau mengusulkan kok gak bisa eror mulu
Yani Saputra,1,2026-03-12 23:07:29,"bikin pusing pertama desil 2 pas di buka lagi jadi susah, salah kata sandi terus, pas minta ganti kata sandi susah nya minta ampun, eh pas bisa di buka dengan kata sandi baru, ujug ujug jadi desil 5 masa data bisa di curi aneh"
Buditri Sususilo,1,2026-03-12 22:56:34,"sampahlah nih apk udah lemot,ribet,eror Mulu hadeuhhhh🤕😵‍💫🤧"
Ka Dheni,1,2026-03-12 22:40:36,"terjadi kesalahan (e,79) terus maksudnya apa ??? username benar, kata sandi benar... aneh gak bisa login...!"
Almira Yusuf,5,2026-03-12 18:55:03,oke
Surade cimaja,4,2026-03-12 15:44:06,"asalamualaikum, pak bu izin sy mau daptarin anak balita usia 6bln,tpi kenapa gk bisa usul mohon bantuannya"
Dials Amber,1,2026-03-12 14:28:37,apk sengaja bikin sulit biar uang nya GK bisa dibagi
Muji Yanto,3,2026-03-12 13:55:06,aplikasi apaan ko nga ada pembaruan
Sefudin Al_juhri,1,2026-03-12 10:04:30,"aplikasi milik negara aja lelet gini, dan susah digunakan, berkali-kali kirim data ga masuk², tau kan ngisi datanya banyak bgt, eh taunya ga bisa kekirim!!!"
WAWAN DUWI SAPUTRO,1,2026-03-12 08:29:46,pengajuan tidak bisa selalu cek Singal atau kesalahan jaringan tolong di perbaiki padahal sudah memakai jaringan yang prima
Vit Brr,1,2026-03-12 06:02:06,Aplikasi loading dan jaringan eror jdi sudah sampai mana update ya tidak tau
Zaenpo Tias,1,2026-03-12 03:44:52,kenapah ketika ke menu usulan selalu periksa jaringan internet kan lucu ini
Denbagus _sudarmono,1,2026-03-12 00:13:24,ladang korupsi
Silvia Purnama Sari,1,2026-03-11 23:33:36,"kalau hanya u memperumit masyarakat, mending ga usah deh pake aplikasi."
riyono asnan,1,2026-03-11 22:01:55,"tiba"" keluar dari akun waktu mau masuk lagi gak bisa selalu terjadi kesalahan udah seminggu seperti ini."
ANF Hanz,1,2026-03-11 20:37:29,"aplikasi gk bs d gunakan, sy gk pernah dapat bansos jd uninstal aj"
muslim mo,1,2026-03-11 20:25:33,terjadi kesalahan koneksi terus gak bisa ngajuin usulan bantuan gmn sih
Reyhan Atar,1,2026-03-11 19:23:59,semakin lama aplikasinya makin ngawur.. perubahan data aja sudah 4 bulan belum juga bisa kelar
Ustad edi775,5,2026-03-11 16:42:25,ok
Nur alia waida,3,2026-03-11 16:17:01,ko gk bisa di buka ya
Auflarung 23,1,2026-03-11 15:10:19,aplikasi gk mutu
Yunita Anisa,1,2026-03-11 13:39:55,"tidak detail,tidak bisa mengusulkan mandiri padahal tergolong butuh bantuan, mau ngurus ke rt katanya gk bisa, ke kelurahan gk bisa,daftar online tidak bisa, tidak membantu sama sekali"
Kharis Abd,1,2026-03-11 13:21:11,"sudah hampir 5 bln akun masih belum di verifikasi padahal saya sangat membutuhkan aplikasi ini untuk bantuan pemerintah, maaf saya kasih bintang satu dulu, kalau memang bisa di pakai aplikasi ini baru tak kasih bintang 5"
Neng Tina,1,2026-03-11 06:39:28,padahal saya juga orang yank kurang mampu tidak punya rumah. KERJA suami buruh.. allhamdullilah ngontrak dapat yank murah tetapi di aplikasi saya daftar desil -5 sedikit kecewa si
Syamsul Arief,5,2026-03-11 05:14:24,good
Fayza Aishar Malik,1,2026-03-11 03:46:44,gangguan terus
Yuliana Liana,5,2026-03-11 02:23:06,kenapa ggk bisa kebuka ya aplikasinya
Chandra Aditiya,1,2026-03-11 02:13:54,"saat mau nambah usulan selalu kendala koneksi,padahal jaringan bagus,aplikasi gak jelas tidak mempermudah masyarakat"
Edisaja Official,1,2026-03-11 01:39:29,makin kacau
Lhilys KH,4,2026-03-11 00:53:59,aplikasi nya kok gak bisa di buka ?
Riki Hartawan,1,2026-03-11 00:06:16,woy kok kis saya di non aktipkan seenak jidat kalian aja saya ini bukan orang mampu jgn kalian pilih kasih data senank jidat kalian aja
Ahmad87,2,2026-03-10 22:29:54,"setelah di update malah gak bisa login,,,toLong di perbaiki min,,jgan malu""in negara Republik INDONESIA aplikasi pemerintah malah kayak gini😩"
Indra Haerudin,5,2026-03-10 18:36:37,sangat berguna
Suaidi Pamong,5,2026-03-10 16:19:11,bagus mantap
Denta Al Mekka,1,2026-03-10 14:54:53,aplikasi tidak memuaskan sering error dan tidak ada bantuan layanan....
Putri aiza,5,2026-03-10 10:31:30,"belum di coba,mudah²an dapat membantu"
Ali Usman,1,2026-03-10 08:17:10,menu usul bansos kenapa selalu kendala koneksi silahkan e 62 coba lagi terus gimana sich aplikasi ini
Purwanto Purwanto,5,2026-03-10 06:53:11,oke membantu
Hadi Prayitno,1,2026-03-10 05:41:20,"Gak bisa login , padahal Username sama password udah betul 🤣"
Dwi Nurkaryanto,5,2026-03-10 05:38:56,kok aplikasinya gak bisa di buka ya?
Devia Rahmah,1,2026-03-10 05:31:01,kenapa aplikasinya selalu begini terus mau ngajuin bansos tuh mohon dimaksimalkan terkendala koneksi coba beberapa saat lagi
Berto Lahagu,1,2026-03-10 04:42:06,"setelah update, tidak dapat login"
Desyaulia Maharani,3,2026-03-10 03:21:37,"semoga segera bisa digunakan mau ngusulin tetangga yg benar2 membutuhkan tidak bisa, kenpa bagian usulan tidak bisa digunakan udah berbulan-bulan ttp error"
Roni Sudarsono,1,2026-03-10 02:15:45,aplikasi repot....
Peppi Merkuri,1,2026-03-10 01:13:41,APLIKASI CUMA CUMA GAK BERMUTU.
Bagus Cahya P,1,2026-03-09 21:27:54,bintang 1 dulu karena request pembaruan data desil pada profil sangat lama
satria wijaya,1,2026-03-09 21:17:02,tidak bisa menambah usulan bansos koede (e-69)
Katiyem Cenil,5,2026-03-09 17:09:52,"Buat acuan bansos kenapa apk ini susah dapat bansosnya data sesuai, status dapat bpnt tapi zonk"
Wira Sapta Dwi Saputra,1,2026-03-09 16:07:18,katanya era digitalisasi tapi sejenis aplikasi pemerintah sistemnya kaya T41 buka aplikasi nya aja ngebug gak bisa login. ujung2 di suruh ke kantor nya langsung ahhh ruwet hidup dinegara konoha. mana ke kantor nya jauh banget. di negara maju mhh apa2 dipermudah. buang2 anggaran aja buat aplikasi kaya sampah gini gak gunnaaaa ujung2 nanti ke kantornya langsung.. t441111 kalo ada rating 0 sudah ane kasih sekalian 0.0000000
Ilham BAA,2,2026-03-09 15:44:05,"udah berbulan bulan saya ajukan penurun desil tapi belum ada respon dari pusat,,bahkan kantor lurah pun udah di datangin,, kalau bisa penurunan desil jgn salah target lh tidak amanah,,bansos yatim piatu adex saya jadi ketahan.cuma karna kebijakan kagak jelas."
AYU NUR SYAHIDAH,1,2026-03-09 12:18:59,Aplikasi eror setiap login pasti terjadi kesalahan e:79 padahal biasanya lancar-lancar aja.
Azka Reza,3,2026-03-09 12:04:57,"gimana mau menyanggah orang mampu yg dapat bansos,kalau skrng cek bansos harus masukkan NIK,mana kita tau Nik orang mmpu yg mau kita sanggah"
Riski Boy7,1,2026-03-09 10:25:27,"aplikasi pemerintah,gak bisa dibuka, mentok di logo doank🤣"
dhani kiki,1,2026-03-09 08:45:49,mafia semua
Rangga Rinz,1,2026-03-09 06:57:34,apk tidak ada pungsi
Hani Leora,5,2026-03-09 06:48:25,Daftar berkali kali knpa error' trus ya
Masrun Pratama,1,2026-03-09 06:18:36,sebaiknya aplikasi ini di hapus. sangat tidak berguna sama sekali
Malia Az,2,2026-03-09 03:06:20,susah masuk dalam pengecekan nya padahal nama dn pasword sudah sama
Rafiq Ktbffh,1,2026-03-09 01:49:23,aplikasi eror terus
Sri Sunarsi,5,2026-03-09 00:58:51,good
Fitriah Fitriah,5,2026-03-08 22:15:59,sangat bagus
Siti Nurajijah,1,2026-03-08 18:19:36,setelah update aplikasi malah gak bisa login ampun dah bukan berkembang ke lebih baik balam sebaliknya
noni novira,1,2026-03-08 17:56:55,kenapa gak bisa di buka ?
Sulastri Baru,1,2026-03-08 13:12:12,sering error.. nggak bisa login
Artha Ks,3,2026-03-08 12:36:15,setelah di update. gk bisa login. gimana ini aplikasi pemerintah kaya gini. cek penerima bansos di batasi cuma bisa 5x memasukan nik adeh gimana ini
Sevti Sevti,1,2026-03-08 11:15:17,tidak bisa masuk buat akun gmn si email jg g terkirim kirim
Hayati Sabran,5,2026-03-08 08:29:56,sangat membantu
Ajis ID,5,2026-03-08 08:18:33,"Sengaja kasih bintang 5 supaya orang tahu kalau aplikasi ini SAMPAH. Login susah, data gak pernah sinkron, kerjaannya cuma loading dan error. Anggaran gede buat bikin aplikasi begini doang? Kalau gak niat bantu rakyat mending hapus aja sekalian dari Play Store. Memalukan Sekali Negara kalo bikin aplikasi gak guna."
Rudi Yana,1,2026-03-08 07:05:06,"Aplikasi apaaan gak guna , percuma pemerintah nyediain aplikasi . cuman buat buang buang duit anggaran, bukannya mempermudah.. nyata ya tetep aja orang yg ngajuin hak nya tetep gk di psores"
Sri Munawati,1,2026-03-08 06:52:58,"aplikasi tidak beres, semua data diri di bilang salah"
rudiman,1,2026-03-08 04:09:48,banyak rintangan saat daftar
Faletehan,3,2026-03-08 03:04:59,"masa pas mau pembaruan data desil, pas udah ngisi semua dan mau submit malah keluar tulisan ""silahkan mengisi RT"" padahal udah di isi. Tolong perbaiki..."
Oppa A31,3,2026-03-08 02:46:30,"slalu lancar,Alhamdulilah🙏"
Agus Widodo,3,2026-03-07 21:32:18,untuk verifikasi pembaruan data lama.lebih ditingkatkan lagi dan dipercepat sistem pembaruannya
Bayu Aprilio,5,2026-03-07 19:54:13,semoga adil
Dela syafitri,1,2026-03-07 17:38:42,lemot parah padahal sinyal baguss
dedy mulya,5,2026-03-07 16:30:13,"min tolong aplikasinya di perbaiki yah , biar perubahan status bansos nya update trus"
Hirgi 123,1,2026-03-07 15:54:31,"knapa buat usulan slalu eror, terus data data diaplikasi status cek bansos masih periode 2025. berbeda dengan cek bansos di chrome yg sudah diperbarui,"
Arip Sarep,2,2026-03-07 11:49:23,"maaf ni baru daftar semua sudah betul tapi mengapa gak bsa masuk ,klau bsa masuk nanti saya tambah bintangnya"
Mumay,1,2026-03-07 11:34:42,"sengaja di buat error, masa mau pembaruan data pas di kolom provinsi dst gak bisa di klik, yg lain bisa.. brengsek.. saya desil 1 masa TDK dapat apa2,,? apa gunanya desil padahal saya Uda di survei taex lah"
Shinta Sija,1,2026-03-07 06:55:08,"ga' ada tanggapan samsek, ga' guna"
Nurrizky Gunawan,4,2026-03-07 03:57:52,"udah mengajukan usulan dari bulan Desember tapi status nya sampe Skrang bulan Maret masih belum berubah (-) kira² ini masuk nggak sih data nya? kira² brpa lama proses nya?KLO cuma PHP mh mending hapus aja,kasian orng² udah pada berharap trus status cek bansos yg lain nya juga smpe Skrang belum di update lagi data nya tolong di bantu di update lagi yaaa🙏🙏"
HARY PRAYOGO DWIPUTRA HARTONO,1,2026-03-07 01:37:39,aplikasi tdk mau terbuka
Market !,4,2026-03-06 23:30:23,apa ini aplikasi pemerintah kok gini lemot
Selamet Selamet,5,2026-03-06 21:42:13,mantap Kemensos RI
Dewijuwita Sari,4,2026-03-06 17:18:49,"aplikasinyo rancak Bana ,"
Ayub Revolver,1,2026-03-06 14:27:50,"apk aneh....login malah gak bisa masuk,."
Novi Yanti,2,2026-03-06 10:52:52,tidak bisa masuk aplikasi... aplikasinya makin ke sini makin ke Sana...
Sunenti 200,5,2026-03-06 07:24:49,dapat membantu
Ibu'e Ibas,3,2026-03-06 06:47:48,ini kenapa ya eror kah atau gmna padahal mau ikut usulan lgi kok GK bisa alesannya terjadi kesalahan koneksi internet
Ali Abdurrahman,1,2026-03-06 06:16:09,layar tidak bisa di buka
Adi ahmad,1,2026-03-06 04:17:43,aplikasi apa inih data disinih status tidak di google status iya gimana sih
Reyhan Laia,5,2026-03-06 03:23:12,mantap
slallu syanx,5,2026-03-06 02:14:33,terimakasih karna perangkat ini masyarakat bisa tau pemdes yang tidak jujur untuk kedepanya coba permudah cara daftarnya. n.
Nur Kholis,1,2026-03-06 01:23:59,"aplikasi eror masak daftar GK bisa masuk,hapus aja aplikasi gak guna bikin gaduh aja"
gomet gotik,1,2026-03-06 00:56:28,suka eror skrng
yeong eun jung,1,2026-03-06 00:42:42,"jaringan eror terus, padahal sinyal bagus dan lancar, tiap mau buka entah profil entah menu lain selalu eror, dan sekarang mau di buka aplikasinya malah gak bisa ke buka.parah"
Ellya Nova,5,2026-03-05 23:40:45,kenapa aplikasi ini ndk bs di buka?
ARI ARMANDA,5,2026-03-05 21:52:28,sangat membantu
Achyar Irsyad,5,2026-03-05 19:03:02,"TAPI PAYAH....KENAPA SETATUSNYA MASIH ""TIDAK"" DAN MASIH PRIODE TH. 2025. PADAHAL INI SDH MSK KE TH. 2026...APLIKASI NYA EROR KAH !?"
Atik Rehastuti,3,2026-03-05 17:26:22,gak bisa login
hasbi mohammad,1,2026-03-05 16:40:15,"aplikasi gak guna, usulan gak bisa, perbaharui data gak bisa. mending gak usah ada ni aplikasi"
Kosongenam94,2,2026-03-05 16:25:01,aplikasi nya kenapa di install lama sx padahal sudah 97 % tapi ko tidak bisa terinstal ya. aneh banget ini aplikasi 🙂‍↕️
Bapak Tarra,5,2026-03-05 14:52:14,Ngk Jelas Erorr Terus
Nance Lasi,5,2026-03-05 13:48:12,berguna bagi saya
Baiq Tutik,5,2026-03-05 13:30:26,sangat bagus
Ruth ros Mambrasar,5,2026-03-05 13:02:15,like
PRO Religion 6 Generation,1,2026-03-05 12:47:59,sering eror ketika hendak ingin masuk ke aplikasi
Widia Oktafiani,1,2026-03-05 12:35:47,aplikasi ngaco. msh ngontrak di kasih desil 6-10. orang yg udh punya rumah punya motor desil di bawah 5.
Chaira Nadifa,5,2026-03-05 11:06:26,aplikasi sangat membantu 🥰
Galang Rambu Anarki,1,2026-03-05 08:01:56,ampas
Sovie Herawati,1,2026-03-05 07:19:07,gak bisa dibuka
nailiselasetia NAILI sela setia,1,2026-03-05 07:15:18,saya udah buat akun tapi hasil nya ilang sendiri giliran di verifikasi sandi gak pernah jadi tu akun
fidryu Amok,2,2026-03-05 04:28:04,"mau bikin akun susah,cek gak sesuai sangat buruk bagi saya"
Heru Susanto,1,2026-03-05 03:24:34,usulan sudah berbulan bulan gak ada kelanjutan nya
Meki Irawan,2,2026-03-05 03:00:21,aplikasi tidak bisa di buka alias error mohon diperbaiki segera
Iluk Idariyani,1,2026-03-05 02:59:21,aplikasi gak ada gunanya
Syah Frilian,1,2026-03-05 02:57:53,"aplikasi gaje dan sangat lemot banget,dan selalu gak tepat sasaran program bantuanya..."
Ribut santoso 89,5,2026-03-05 01:22:02,mohon untuk admin di aplikasi cek bansos ini dipercepat untuk proses pembaharuan lewat aplikasi cekbansos nya... bukannya digitalisasi ini dibuat untuk mempercepat proses dan update data lebih cepat....
Nuraya Husna,1,2026-03-05 01:13:04,sama sekali gak bisa di buka.entah bijimane ada aplikasi tp ga bs dibuka
Asep Syaifudin,1,2026-03-05 00:19:00,"apaan saya desil 6-10, saya saya ini hanya seorang pedagang kecil. tolong di cek lg bro. ga zebo bngt ini aplikasi. masa seorang pedagang kecil, desil nya 6-10."
Alif Irawan,1,2026-03-04 19:25:20,kenapa si klo pemerintah yg bikin aplikasi selalu bisa di andalkan.......
jovano hayyu,5,2026-03-04 16:50:31,kenapa saya ga bs buka aplikasi ini
Asep Mulyadi,1,2026-03-04 15:29:57,udah daptar masuk akun giliran mau masuk katanya udah terdaptar nik padahal baru bikin akun ..giliran d buka kembali akun tidak bisaa gimana sih
Imam Nugroho,1,2026-03-04 13:36:08,Aplikasi dari pemerintah tapi ga guna.
Candra Setiabudi,1,2026-03-04 13:15:01,"Aplikasi tidak bekerja, mau daftar tapi foto selfi dan KTP tidak bisa di centang."
Muhammad Sahil,5,2026-03-04 08:40:05,aplikasi ini sebenarnya sdh bagus dan sangat mudah di tahun ini 2026 kenapa di buka aja susah mohon infonya dengan adanya aplikasi ini sangat membantu.
CAH PWORJO,5,2026-03-04 08:14:04,aplikasi Gawok tempik
Wahyu Setyanto,1,2026-03-04 05:49:32,"aplikasi kementrian lho ini,tapi gk bisa dipake,programer kemensos lulusan apa to ini"
Mom Andreano,1,2026-03-04 05:31:34,aplikasi gak guna ... pembaruan pasword aja setengah mati
SIGIT WIDIYANTO,2,2026-03-04 05:13:04,saya sudah upload foto KK dan rumah tapi ketika pas di submit tidak merespon atau tidak bisa ketahap berikutnya.
maria fatima,1,2026-03-04 03:52:11,aplikasinya tidak bisa di buka
Sofa Saja,1,2026-03-04 03:45:38,error trus tak bisa mengusulkan
rendi wibowo,1,2026-03-04 03:10:58,masudnya suruh isi RT apaan dah ? udh di isi kok suruh isi terus. perbaiki
Fitriani irene Rahakbauw,5,2026-03-04 02:00:41,mantap
Ainun Zaintika,1,2026-03-03 21:42:18,Buruk gk fungsi gk bisa dibuka error terus
Margaretham,3,2026-03-03 20:28:10,"aplikasinya tidak di rawat dengan baik, masa org trima bantuan uangnya sdah masuk di aplikasi malah katanya tidak Terima mksudnya bagaimana ini, tolong di perbaiki lagi"
Endang Rusmini,1,2026-03-03 11:34:13,"Aplikasi nya aneh, cek melalui web dan melalui apk nya masa hasil nya bisa berbeda sih, knp gak update data2 yg terbaru"
Nesha Cell,1,2026-03-03 10:25:17,apk nya engga jelas ngusulin engga bisa di submit ke CS tidak ada respon dunia bansos engga pernah tepat sasaran
Asep Gunawan,4,2026-03-03 08:59:12,bingung kenapa yah pas mau di bagian usulan selalu eror koneksi padahal koneksi di hp saya sangat bagus
Pajri Ahmaddin,3,2026-03-03 06:31:05,"Kemenkes menggunakan data dari mana, kenapa kami yang memang membutuhkan malah di hentikan. Dan aplikasi ini bisa disalah gunakan bagi yang gak tau manfaatnya."
Edy Setiawan,2,2026-03-03 04:58:17,"kemaren gk bisa di pencet provinsi,kab,kel, sekarang gk bisa d kirim ,, hedehhhh"
Ali Sofiri,1,2026-03-03 04:20:04,"Saya bolak balik mau buka aplikasinya tidak bisa, kenapa Ini Min... Pernah buka bisa, sekarang tidak bisa, sudah reinstal dua kali tetep gak bisa... Tolong segera perbaiki"
Mami Maos,1,2026-03-03 04:06:56,susah sekali daftarnya kembali lagi terus
Ananda Aryani,2,2026-03-03 03:53:34,aplikasi ga jelas
Knz 16,1,2026-03-03 02:20:24,layanan gk jelas trus aja kk udah d usulkan tpi gk ada verifikasi sma skli udah brbulan2
Meldi Sambo,1,2026-03-02 21:11:31,"aplikasi busukkk gabisa masuk aplikasinga loading ber abad"""
Handoko Chiko,1,2026-03-02 19:46:22,sudah susah payah mengisi data untuk pembaruan karena data Saya tidak jelas di sana setelah mengisi semua susah payah malah tidak berhasil
Siti Aisyah,5,2026-03-02 17:59:27,cukup membantu
Ramdan Sajah,1,2026-03-02 16:56:55,aplikasi gak bisa digunakan error trus
Nurfadillah Syahril,1,2026-03-02 15:22:55,"sampe saat ini apk masih gangguan, mau masuk cuma luar putih sja tdk bisa masuk d apk,"
Siti Aisyah,1,2026-03-02 15:18:59,susah tuk si buka instalannya
Rahma,5,2026-03-02 14:13:12,"sangat membantu,tapi kadang kadang waktu kita upload foto atau pengajuan respon lama"
Ketut Julianta,1,2026-03-02 12:35:46,"aplikasi milik pemerintah selalu ribet...pembaruan data yang di minta berbelit,akhirnya bikin emosi"
Herman Prabowo,5,2026-03-02 12:30:17,Aplikasi yang dapat digunakan untuk mengetahui solusi
Ibrahim Kurnia Umar,2,2026-03-02 11:47:32,"Tolong website diupgrade lgi kualitasnya jgn korup trs duit rakyat masa website pemerintah lambat, suka putus-putusan koneksi, dan ngelag klo mau submit."
Mey Widyanita,5,2026-03-02 10:42:31,Baik
imam safiih,1,2026-03-02 10:38:09,"KUALITAS SANGAT BURUK,data bisa berbeda antara versi mobile dan versi desktop. AUTO UNINSTALL"
Rumi Sya'bana,1,2026-03-02 08:05:07,pembaruan data nya lambat sekali
Harun Hayun,1,2026-03-02 07:57:50,"apk g gvna , cuma bisa ngecek doang,,udh usul, usulanya ilang ."
Hastuti Siage,2,2026-03-02 07:42:43,ganti bintang udah gak kaya dulu lagi lebih susah🙄
Kiyay Kerry,1,2026-03-02 07:39:01,lambat dalam pembaharuan nya males admin nya
Dean Jeron,1,2026-03-02 07:23:10,gak beres ini apk selalu gagal saat daftar
Yoga D Putra Musli,1,2026-03-02 06:31:39,Aplikasikya payah kenapa selalu Kendala koneksi jaringan sedangkan jaringan saua full dan kencang aneh aplikasi plat merah selalu begini
Dipa Cantik,3,2026-03-02 06:30:16,"kapan pengupdate tan status min,udh nunggu dari bulan kemaren tetap sja tidak status nya"
Sinto Gendeng,1,2026-03-02 05:44:24,"tetep aja ribet harus datang ke kantor Disdukcapil RT RW , sungguh aplikasi tidak berguna buang2 duit"
Zalfa Hasqna,3,2026-03-02 05:42:51,kenapa selalu eror terus padahal di HP saya tidak eror gk bisa saya lakukan usulan kenapa bisa begitu???
Indra Mas,1,2026-03-02 04:55:35,perbaiki aplikasinya jangan eror
Ricky Kristian,1,2026-03-02 04:25:44,"ngga kompatibel, ngelag sering gagal login"
Azizah Azahra,5,2026-03-02 03:37:07,saya disabilitas permanen.. kenpa saya tidak dapat batun PKH.
Utol Tol,5,2026-03-02 02:20:12,tolong perbaruin secepatnya karena ingin membuat usulan selalu terjadi gangguan koneksi jadi agak sulit untuk akses ke tahap selanjutnya padahal kondisi kuota penuh dan jaringan stabil
Blade of keos Blade of keos,2,2026-03-02 02:10:46,Hallo kira kira ada orang ngak ya permisi amit Sewu Mbah kuloknuwun ada orang ngak ya.wujud siapapun itu tunjukan entitas anda wahai demit demit.!aplikasi dari jaman Majapahit kah ini?peninggalan yang terbengkalai namun indah
Peri Padli,1,2026-03-02 01:24:46,"Masyarakat disuruh Instal Aplikasi ini, tapi Aplikasinya malah bermasalah dan datanya tidak Update, data yang tercantum malah berbeda dengan data di lapangan. sekarang KPM Bansos nya malah tidak update"
Linda Indriani,1,2026-03-01 23:04:35,"tolong perbaiki secepat nya apk ini karna masyarakat sangat membutuhkannya masukin data gak bisa2,, ngusulkan lewat desa gak mungkin bisa karna bukan besti"
Komarudin,1,2026-03-01 22:32:57,"sudah daftar dan melengkapi berkas, kemudian dapat aktivasi via email akun sukses. pas login dengan username yg disarankan di email tetap ga bisa login,notif belum diaktivasi.. aplikasi Aneh, mencuri data ! Indonesia surganya para koruptor"
Aji Anggi Saputra,1,2026-03-01 16:34:35,Mensos ajg korupsi aja terus kalian lewat bansos
Man Syah,5,2026-03-01 13:45:26,sangat membantu sekali
Silfana Nurzakia putri,1,2026-03-01 13:20:32,"aplikasi error tidak bisa di gunakan,mau buat akun baru pun tetap saja error"
Agustin Rahayu Intan Berlianti,1,2026-03-01 13:08:55,hm.. aplikasinya hanya loading saja
Tyo Erlangga,5,2026-03-01 09:53:00,Bagaimna caranya agar bisa membantu tetangga agar mendapatkan bantuan pemerintah saya sudah menginput data namun belum ada tindakan sampai saat ini
silvia aryulanda,1,2026-03-01 06:27:09,apaan. gak bisa perbarui data
Mister Mendem,1,2026-03-01 05:53:19,memalukan
Subang Kota,3,2026-03-01 05:04:23,Masih banyak yang blm mnhetahui cara menghubungi Bansos lwat instagram.
Miftakhul Jannah,1,2026-03-01 01:12:41,serius aplikasi pemerintahan sendiri ga update? makan gaji buta?beraq
Rizal Frizal,1,2026-03-01 00:31:42,"apk ANAK BABI,,,,bukan ANAK BANGSA🇮🇩🇮🇩🇮🇩👎👎👎"
Sity Aminah,4,2026-02-28 22:20:35,kenapa kalo mengusulkan ngak bisa ada keterangan perhatian masalah koneksi jaringan terus kalo mau mengusulkan itu gimana mengatasinya
SHyangrososejati Rahman,1,2026-02-28 19:43:59,tidak bisa di buka
Athar Solehudin,2,2026-02-28 18:02:03,usulan saya belum pernah di konfirmasi
Muhammad Ibrahim,1,2026-02-28 13:24:26,saya Desil 3 pun tidak pernah dapat apa2 dari dulu . kocak sekali ini konoha
Super Tank,5,2026-02-28 12:13:29,"kalian di bayar rakyat mlh enak enakan makan gaji buta, pengelola asw"
Ngatiman Painem,3,2026-02-28 12:00:58,mau buat usulan tapi tidak bisa
Dani Yan,2,2026-02-28 11:51:39,aplikasi apa ini kaya gk guna.pengajuan bantuan bbrpa bulan masih gk ada tanggapan.pdahal desil 4 setatus tahun gk ada perubahan masih 2025 pdhl skrg 2026 sekelas apk.resmi pemerintah yg tdk guna tdk update.
Dede Siska,1,2026-02-28 08:24:04,"apk aneh! mau perbaruin data pilihan provinsi, kota, kab, kec, kel gabisa diPILIH! gabisa dipencet!EMOSISUMPAH.nyoba di hp lain TETEP GABISA!!!! udah mh masuknya susah! sandi salah aja pdahal udah bnerr!!! NGACOOOOOOO. benerindong! buatapa ada apk tapi ga berfungsi!!"
Tamagaki_ Ryuuki,1,2026-02-28 07:20:18,pas pembaruan data gk bisa di ubah pemilihan provinsi nya
Rosa Lina,5,2026-02-28 07:03:51,sangat membantu
Agung Kencana,1,2026-02-28 04:42:15,ga bisa kebuka anjir
Lastri Mayasari,2,2026-02-28 04:36:38,suka eror ga bisa di isi
Kayla Arafah,2,2026-02-28 04:36:17,aplikasinya ga bisa dibuka
Irfan Anugrah,1,2026-02-28 03:04:40,"aplikasi apa ini 😂😂😂, mau memperbaiki data gg bisa, pencet sana sini gg bisa😂. untuk formalitas doang kan aplikasinya. biar keliatan gitu ada kerjanya (padahal mah nol)😆"
Achmad Affludin,1,2026-02-28 02:41:53,saya GK dapat bantu bansos
Supra x125,2,2026-02-28 00:51:38,semakin GK jelas tambah kesini
angga jaya,1,2026-02-28 00:39:09,"aplikasi kalo buatan dalam negri udah gak bner , sengaja di bikin susah buat ngakses aplikasi ini"
Himawari Chan,1,2026-02-27 18:27:38,"apk apa ini, pemerintahan ga jelas"
andre mo,1,2026-02-27 18:21:36,gila ini cek bansos..nggak niat bantu masyarakat susah dan miskin..itu aplikasi ngk bisa diperbarui data2 nya..pantas ini negara nggak maju2
Teguh Eka Prasetiyo,1,2026-02-27 17:19:39,"Aplikasi yang dibuat hanya untuk lahan korupsi. Data aplikasi tidak akurat, sesuai keadaan di lapangan. Tetapi dana mengalir bagaikan hujan uang bagi pejabat korup. Yang miskin dan pengangguran makin sengsara, pejabat korup makin nyaman hidupnya."
halim saad,1,2026-02-27 17:00:40,🥲🥲
Hanel Bagas,1,2026-02-27 14:30:43,"sebenernya bagus aplikasi ini bisa membantu masyarakat tapi masih banyak bug/kekurangan yg sangat menyebalkan, contoh untuk opsi provinsi tidak bisa dipilih atau diklik, untuk dev nya semoga bisa lebih ditingkatkan lagi ,sebab masyarakat yg kurang mampu (miskin) bisa sangat terbantu apabila tidak ada kendala di aplikasi ini terimakasih"
Chelsea olivia,1,2026-02-27 13:21:34,"bikin akun aja susah, error nih sistem nya"
XL SATU TULUNGAGUNG,1,2026-02-27 12:06:12,"aplikasinya eror, mau ubah data saja tidak bisa udah 3 minggu ini selalu mencoba tapi gagal padahal mau buat bpjs jadi ga bisa dan gabisa buat skck pula"
kevin risky abadi,1,2026-02-27 11:56:38,"tolong diperbaiki bagian menu profil. karena ketika mengajukan pembaruan data , bagian provinsi ketika di klik tidak memunculkan pilihan apapun alias ""bug"""
Jenny Rambembuoch,5,2026-02-27 11:43:07,Aplikasi bagus
Aldha octa,2,2026-02-27 10:39:30,astaghfirullah. . kenapa ya apk pemerintah selalu sulit gak ada yang beres.. mau upload foto ktp aja susah minta ampun . sudah dicoba ratusan kali.. tiap mau upload tiba tiba keluar sendiri . gitu disuruh cek desil lewat hp.. buat ngecek aja gak bisa .
Satria Hutabarat,1,2026-02-27 09:26:20,"Apk Gak Jelas Ngabisin Kuota, gak ada mamfaat nya sama sekali !!!! penipu"
muhammad fazri,1,2026-02-27 09:13:54,"aplikasi ga jelas,tolong lah kami masyarakat menengah kebawah ini"
Ade Gunawan,5,2026-02-27 08:31:11,ga bisa kirim usulan koneksi sibuk terus.. padahal mau ngajuin bpjs soal nya harus kontrol terus😭😭😭 ke rs
Putri Khumairo,1,2026-02-27 07:55:15,"kami ada di desil 6-10 padahal gaji gak pernah sampe 2 JT,mau ajukan desil malah eror trs gak bisa pilih kabupaten dan lainnya"
Nadia Muslimah,2,2026-02-27 07:10:52,ngga bosa di buka ko
Andri Jordan,2,2026-02-27 06:40:18,centang sama x buat setuju atau tidaknya saat pendaftaran akun terlalu atas sehingga terhalang oleh panel notifikasi hp dan tidak dapat di klik. kocak
Youtube Channel,1,2026-02-27 05:26:13,"lucu sekali aplikasi sekelas pemerintahan ini, tidak dapat melakukan pengajuan, tidak ada menu untuk cs, terus buat apa dibuat?? aplikasinya terlalu basic dan tidak ada fungsi yang bisa digunakan."
Monzalee Avreelya,1,2026-02-27 05:17:15,niat pengen perbaiki status Desil yg ngaco. dah berkali² isi data selalu stuck di bagian pengisian provinsi. buang² waktu aje! mana sotoy pula maen masuk-masukin tingkatan desil seenaknya tanpa konfirm apa².
Haus Pendidikan,2,2026-02-27 04:56:43,"aplikasinya ga pernah update kyknya, soalnya data di aplikasi dan website dtsen beda"
Gaes 2025,1,2026-02-27 03:55:32,aplikasi ini tidak cocok diberi nama bantuan sosial karena fiturnya tidak berfungsi dengan baik. jadi lebih cocok kalau diberi nama aplikasi menyusahkan rakyat.
Pendi Pendi,1,2026-02-27 03:34:20,aplikasi bodoh ini
Dwi Dwi1996,1,2026-02-27 01:50:11,bapak ibu yang terhormat . kenapa pada kolom provinsi kabupaten dan kecamatan tidak bisa diklik . maksih . saya ingin perbarui data .
Mochammad Mirza,1,2026-02-27 01:46:16,tidak bisa di buka apknya
Marco Cr,1,2026-02-27 01:09:58,apakah aplikasi yang di kelola pemerintahan selalu gak berguna seperti ini
Thoriqkamulyan 2000,3,2026-02-27 00:40:24,"kenapa saya mau melakukan perubahan data, pada opsi pemilihan provinsi kok gak keluar pilihan nya, padahal wifi bagus??"
nano romansah,5,2026-02-27 00:39:10,tidak bisa tambah usulan kenapa ya?
Evi Septiani,2,2026-02-27 00:38:17,susah utk daftar nya
Bony Ussu,2,2026-02-26 23:55:28,buruk
Catatan Info,1,2026-02-26 18:03:02,"Aplikasi Pep*k, data tidak pernah berubah bertahun-tahun."
Siti ariani Ariani,2,2026-02-26 14:44:15,susah masuk ke aplikasi nya
Syaty Tanu,4,2026-02-26 12:53:13,kenapa aplikasinya belum di perbarui aplikasiku Masi tetap 2025 seharusnya sudah di perbarui..kenapa aplikasi ini terbangkalai
Izmi,1,2026-02-26 12:20:41,"sudah digitalisasi kemensos tetap saja lambat pembaruan data sudah berbulan-bulan masih on proses verifikasi, lupa pasword ruwet dengan otp no tlp yang sudah expired/hilang. pantas saja banyak disalahgunakan & tidak akurat. Aplikasi yang sangat berguna untuk kerabat perangkat desa & pemerintah."
hanz dejavu,1,2026-02-26 11:12:50,"aneh,mau ngisi provinsi kok ga bisa,makin kesini makin ga jelas ini aplikasi"
Cai yoo,1,2026-02-26 09:23:21,"baru download, malah ga bisa masuk"
Mia Kayla,5,2026-02-26 08:55:42,sangat membantu
E . Y,1,2026-02-26 08:51:29,"pergi ke puskesmas d suruh aktifin bpjs,prgi ke kntor bpjs,di suruh ke dinsos,smpe d dinsos d suruh dftr lewat aplikasi ini,pas daftar malah aplikasinya error. mau nya apasih?? mempersulit rakyat namanya ini."
Barbossa,2,2026-02-26 08:50:39,mau usulan malah terkendala koneksi trs
Mario Rio,5,2026-02-26 08:49:50,apk banyak Bug mohon diperbarui lagi
Agung Kamalulloh,5,2026-02-26 08:07:58,Tolong min di perbaiki banyak yang ngeluh. saya mau ke menu usulan tapi kenapa jaringan nya eror terus yah padahal jaringan saya ga problem tapi pas ke menu usulan ko gabisa yah. Tolong di jelaskan min kalo emang lagi maintenance ya gpp tapi minimal di kasih tau dulu lah. Terima Kasih
adelia Damayanti,2,2026-02-26 06:34:12,sangat buruk tidak bisa ke buka
Nurindah sari Ruimer,1,2026-02-26 06:30:48,"pembaruan data ga berguna bagian isi provinsi ga bs di klik. apk sampah. anggaran aja gede, melihara aplikasi aja ga becus"
Dirwana anahan,1,2026-02-26 06:15:48,"Parah sih gak bisa masuk sama sekali,,padahal udah berulang ulang isi semuanya tapi gak apalah kita masih punya Allah😔"
Sabrina Drake,2,2026-02-26 04:33:32,mau pembaruan data aja pilihan provinsi gk muncul - muncul
ABDUL ROJAK,5,2026-02-26 03:16:21,"secara keseluruhan baik, namun per tgl 20 Februari 2026 kesini pilihan provinsi tidak muncul stuck di loading mohon perbaikannya"
Cica D3,5,2026-02-26 01:58:53,baik
Danu Nara,1,2026-02-26 01:16:56,tidak berfungsi
Sovi Rahmawati,5,2026-02-26 00:22:04,"saya beri rating ini lima supaya di respon ama admin nya, kenapa mau daftar aja susah banget, padahal banyak yang pake aplikasi ini tuh ibu ibu, bahkan banyak banget lagi persyaratan nya emang harus di susah susah dulu yah? apa harus gimana mau membantu atau mau menyusahkan sih"
Peli supeli,5,2026-02-25 22:53:04,ok
ilyanah,1,2026-02-25 21:24:51,"APLIKASI ga jelas, ga ada fungsi sama manfaatnya sama sekali. bikin aplikasi buat proyek korup doang ini sich"
Raharjo Raharjo,5,2026-02-25 19:36:46,kadang di buka gak bisa sering tidak bisa di buka
Daniel Agustinus,1,2026-02-25 16:42:29,"mau klik provinsi tinggal sendiri aja susah bener buat pembaharuan data . desil itu dinilai dari apa sih main tulis desil 5 , rumah motor aja gak punya ,suami nganggur ,anak 2 masa iya bisa desil 5 !!!! mau daftar susah banget kaya sengaja'!!!"
Tree _,1,2026-02-25 15:46:20,"Apalah di tunda² , aplikasi pun jelek kali"
Rahman Kili aja,4,2026-02-25 12:46:44,coba dulu sipp
Muhamad Azril,1,2026-02-25 11:26:00,usulan udh setahun data dalam peripikasi trs ga ada jawaban sama skli kata ya aplikasi buat usulan pas usulan ga ada respon sma sekali
Munardi M,2,2026-02-25 11:08:03,"saat ngisi data pribadi bagian provinsi, kabupaten, kecamatan, lurah TIDAK BISA DI ISI ( DI KLIK ) sudah reinstall / hapus chache memori tetap tdk bisa.ini server pusat bermasalah. tidak segera ditulin....hallo kemensos....????"
Doii Ii,1,2026-02-25 08:32:30,kata nya untuk mempermudah kok jadi lebih mempersulit sih kita datang kedinas sosial katanya harus melalui apk cek bansos padahal apk nya tidak berguna trs guna kator dinas sosial Buat apa klw tergantung apk ?? mending di promosikan ajh Ini aplikasi dan di kembangkan GK usah buang buang uang untuk gaji oknum oknum pemalas di dinas alasannya sll harus apk cek bansos😌 hidup kohana✊
Citra Dewi,5,2026-02-25 07:34:00,"Aplikasi yang bagus tapi saat ini saya mau memperbarui Data bantuan bansos pas mau ngisi Desa,kecamatan dan kabupaten susah tidak ke buka,,,"
Ayu Setianingrum,1,2026-02-25 07:04:57,"iseng cek desil ternyata saya termasuk mampu waww, padahal saya tinggal di kontrakan suami kurir makanan. saya punya ga kerja cuma ibu rumah tangga dan ibu saya ada sakit gangguan kejiwaan. mau turunin desil ga bisa2 di bagian provinsi, kabupaten dsb. huhh parah sihh👎🏻👎🏻👎🏻👎🏻"
Garangan Anjeng,1,2026-02-25 06:46:32,aplikasi gk jelas gk ada manfaat
Yayat Ruhiyat,5,2026-02-25 06:45:08,alhamdulilah🤲
Akira Lavigne,1,2026-02-25 06:12:58,"ini aplikasi resmi dari pemerintah,kok bisa seperti ini kinerjanya,sungguh memalukan,aplikasi tidak pernah diperbarui dan diperbarukan untuk pengelola/pengembang,mau bagaimana lagi,jika buat apk yang tidak berguna utk kami gunakan???sedang semua data bansos diarahkan ke apk ini,jika sekiranya sudah tidak berguna,tolong hilangkan apk ini,hanya membuat kami rakyat Indonesia semakin kesal dan marah oleh pemerintah yg sangat2 tidak kompeten"
Devi Harianata,1,2026-02-25 04:41:35,"apk dri pemerintah gapernah ada yg bener. ga di urus,tpi gembor² terus"
Aini Sofi,1,2026-02-25 04:24:12,Lelet
Dejja Fhu,1,2026-02-25 04:16:22,"Develover nya makan gajih buta bukan sih? Bikin akun aja ko susah nya minta ampun, Eror terus loh. Tolong dong Develover nya jangan makan Gajih buta. ,Di gajih sama negara, dari uang rakyat, tapi bikin susah Rakyat, Pecat aja tuh yang urus aplikasi nya."
Yanto Mberrr,1,2026-02-25 04:16:00,"aplikasi apa ya ini?, apakah cuma formalitas atau memang dibuat agar yang tercatat kesalahan data dan desilnya naik tidak bisa diperbaiki? sudah 8 bulan kok belum terverifikasi dan agar bantuan mereka tidak turun?."
Pungky Gaming,1,2026-02-25 04:09:54,mau ubah profil aja gak bisa ealah
samsul mashuri,1,2026-02-25 03:53:02,banyak yang ga fungsi
abbeyline,1,2026-02-25 03:33:47,ga bisa login. aneh banget ni aplikasi
Uep Saepudin,1,2026-02-25 03:26:05,"bantuan saya ga cair januari-maret, saya masih layak terima bantuan karena belum punya usaha yang mencukupi"
Supandi Wungkul,1,2026-02-25 02:34:11,aplikasi apaan ini bosku????? kok tidak bisa di gunakan
Chya Aya,2,2026-02-25 02:09:15,masukin pengajuan udah sampe berbulan2 ga d acc
Edwin Yp,1,2026-02-25 01:43:48,"aplikasi gk bisa di gunakan , masa pas di klik provinsi gak mau muncul , tolong di perbaiki"
hasan udin,2,2026-02-25 00:50:35,aplikasi gak guna sdh buat akun tp tdk bisa login terlalu banyak tikusnya
Heri Irawan,5,2026-02-25 00:44:15,tolong aplikasinya d sempurnakan saya download blm bisa terbuka
Rico Sat,1,2026-02-25 00:44:04,jngn di download buat sampah di HP saja
Elank Putra Angkasa,5,2026-02-24 21:40:26,aplikasi gak ada gunanya pengajuan sudah 2 tahun sm sekali gak ada perubahan hasilnya ZONK
Wayan Arumiyani,1,2026-02-24 21:32:09,"Percuma saja di Download Kl Nama Propinsi , Utk Alamat yg disediakan sm Aplikasi ini nggak bisa dibuka dan diisi Oleh yg isi Pembaruan Data ini hanya permainan Pemerintah aja makin kesini Utk Penerima Bansos dan KLJ MakinRusak dan Nggak Ada Gunanya Dan Aplikasi ini sangat Buruk Sekali jangan di Dwonload Nanti nyesal oke👌🙏"
Renita Puspita Dewi,1,2026-02-24 21:30:37,"jelek bgt aplikasinya masa mau update pembaruan data ga bisa pencet provinsi ,ngaco banget desil 6 padahal tidak sesuai kenyataan saat mau pembaruan data malah di persusah"
Mastur Mastur,5,2026-02-24 21:06:11,"kenapa bansos sy tidak pernah dapat lagi,dari tahun 2023"
WARNO SHU,1,2026-02-24 21:01:15,"20𝘅 𝗕𝗜𝗞𝗜𝗡 𝗔𝗞𝗨𝗡 𝗣𝗔𝗦𝗧𝗜 𝗠𝗘𝗡𝗧𝗔𝗟 𝗧𝗘𝗥𝗨𝗦 , , 𝗖𝗔𝗣𝗘"
Achmad Saepul,1,2026-02-24 19:54:32,saya mau pembaruan data tapi pas mau isi data provinsi gak bisa ke buka di ketik pun gak bisa aneh banget
Sopiah Sopiah,5,2026-02-24 19:53:43,"jangan download ,gak ada guna nya , rubah desil susah ,bikin usulan bantuan juga gak bisa sengaja kasih bintang 5 ..biar banyak yang tau"
Claudyabella Bella,5,2026-02-24 16:09:29,bgus
Suacazen,4,2026-02-24 15:41:45,sangat membantu
Renzz 17,1,2026-02-24 14:42:20,"aplikasi gak jelas, orang mau usulkan desil tombol provinsi tidak bisa di kilk, udh di klik cuma loading dan gak ada respon apa pun"
Rajanaga Aura,4,2026-02-24 13:13:24,sangat membantu
Septian Boe'x,1,2026-02-24 08:09:51,masi suka eror sekelas pemerintah bikin aplikasi begini hadehhhhj
Virdaus Crisna,1,2026-02-24 07:32:57,"aplikasi ngebag jadi tidak bisa mengisi data, buruk sekali"
Doni Doni,1,2026-02-24 07:14:53,aplikasi jelek
youtmee,1,2026-02-24 06:23:12,percuma dibikin sistem pengajuan jalan namun jika survey dari kelurahan/dinsos nya sendiri pada males kelapangan untuk verifikasi dan sistem dibuat hanya untuk membodohkan masyarakat awam jadi nya.
Alpen Das,5,2026-02-24 06:15:46,ok
Gery Arisandy,1,2026-02-24 05:55:34,"apk nya seperti tidak di rawat, banyak bug .. apa ini aplikasi sekelas pemerintah?"
Muhammad Baihaqi Lubis,1,2026-02-24 05:52:57,Banyak bug nya... Aplikasi kementrian masa' kayak gini... Kayaknya kebanyakan dikorup ya anggarannya
Medy Uye,1,2026-02-24 04:27:50,aplikasi gk guna usulan gagal terus lantas buat apa palikasi ini dibuat....makin kesini makin aneh aja negara kita suruh mandiri only tapi aplikasi di bikin susah.. kocak.kocak
Agus Suprapti,2,2026-02-24 04:23:55,asalamualaikum kenapa sekarang kalau cek aplikasi bansos kok tdk bisa keluar data nya padahal sdh di instal kok ngak bisa keluar data nya dulu fu th 2025 bisa ngecek sekarang th 2026 ngak bisa
Shofiya Nurul,3,2026-02-24 03:03:08,"katanya ini aplikasi buat pengajuan bansos. udah pengajuan tapi belum disurvey juga. aku mengajukan karna memang desilnya tidak sesuai kenyataan. tolong donk di data ulang yg benar. masa yg punya kontrakan, tanahnya bertumbak² pada dapat bantuan."
Dendi Som,5,2026-02-24 02:15:14,mantap
rosemiyati mulyadi,3,2026-02-24 01:03:47,kenapa sudah sebulan tidak bisa di akses
Akhmad Zamroni,1,2026-02-24 01:00:43,apk eror dan tidak bisa digunakan dan tidak sesuai data.
Nurlaela28 Nurlaela Gibran,4,2026-02-24 00:49:30,tidak bisa mendaptar
vio cello,1,2026-02-24 00:41:21,"aplikasi sering nge bug, katanya jaringan bermasalah padahal jaringan baik baik saja. sudah coba mengajukan data juga ga diubah-ubah, padahal sudah beberapakali melakukan pengajuan perubahan data"
Nur din80,2,2026-02-24 00:23:58,kenapa gangguan terus .
Bil Cae,1,2026-02-23 23:18:49,"pilih provinsinya gimana,ga ada pilihannya sama sekali ribet amat mau pembaruan data juga"
amelia ahmad,1,2026-02-23 22:40:42,"jangan di downlood,,its useles karena TIDAK BISA DI AKSES SAMSEK."
Aldobendot Assauqy,4,2026-02-23 20:28:15,aplikasi best tapi saya cek orang tua desil 4 tapi tidak menerima bantuan
AGUS SULAEMAN,1,2026-02-23 19:50:54,"BANSOS NYA KEMANA AJA YG D KASIH TUH YG BENER"" BUTUHH BUKAN RUMAH BAGUS PUN DAPAT"
Wahid Daputra,1,2026-02-23 18:41:49,apk ni Kya g ke urus pengajuan kok ga kunjung ada parah apk
Winda Ardia putri,2,2026-02-23 18:03:48,"apk nya eror, pas memperbarui data bagian ngisi tempat tinggal nya eeh ga muncul2 pilihan provinsi nya pdhal sinyal bgus ,tolong perbarui apk nya dong"
Syifa Rahmatulaily,1,2026-02-23 16:22:16,tidak bisa klik provinsi dan yg lain.a untuk pembaharuan data JD bingung padahal bokap sendiri doang umur udh tua tp didesil 6-10 mau diperbaharui data gk bisa
Rizky Lestari,1,2026-02-23 16:19:14,"aplikasi lemot,susah sekali buat pembaruan data. mana tidak ada menu hapus akun lagi 👎"
Okta Rahmadenti,5,2026-02-23 14:57:54,ok
Farihareha,1,2026-02-23 14:07:34,"jelek banget aplikasinya, ngeklik pembaharuan data untuk pilih provinsi, gak mau muncul, hadeuh"
Ardi Bhakti,1,2026-02-23 12:45:04,"aplikasi sampah,dari lama pembaruan data belum dan tidak di proses"
Rafa Darmawan,1,2026-02-23 12:39:26,"gk jls ini aplikasi ,waktu mau buat, request pembaruan data, waktu mau isi, pilih provinsi malah gak bisa, aneh"
Sang Mantan,1,2026-02-23 11:23:09,aplikasi sangat dan sngat tidak ada gunanya
Adi Ismail,1,2026-02-23 10:44:13,tidak bs dibuka
Fayola Kartika,2,2026-02-23 09:49:30,"mau pengajuan penurunan desil, pilih opsi provinsi gk muncul"""
Saddam,1,2026-02-23 08:22:27,"aplikasi bodohhh, saya sebagai programer sangat menyayangkan, mengapa data no HP dan email di wajibkan diisi sedangkan bansos adalah untuk orang miskin yang notabene tidak punya HP, dan juga pengalaman saya menggunakan aplikasi pemerintahan sperti apk malysia, misal kita memasukkan nomor sperti NIK atau no Passport, seketika kolom input data terkait auto terisi berdasarkan kode yg telah diinput saya tahu aplikasi ini projek setidaknya ratusan juta bahkan biasanya diatas 1 M rupiah anggarannya,"
siska noviani,5,2026-02-23 06:42:58,kenapa aplikasinya ga bisa dibuka lagi ya
Luki hermanto,1,2026-02-23 06:06:24,tidak puas karena untuk pembaruan data tidak bisa sama sekali
Jati Junior,1,2026-02-23 05:44:16,aplikasi ga guna makin kesini makin ga jelas nih amplikasi
Rikky Savalas05,1,2026-02-23 05:38:15,"mau pembaharuan data TPI tidak bisa, apk ga jelas"
Athika Purnama,5,2026-02-23 04:17:39,lemot
Adeliya Natasha,1,2026-02-23 04:00:47,tolong di perbaiki loding terus GK bisa liat hasilnya dan GK bisa ke menu usulan
Indo Nesia,1,2026-02-23 03:31:48,"Tolong di perbaiki aplikasi nya, dari bulan desember 2025 data tidak terupdate,"
Irfan Ihksannudin,4,2026-02-23 02:25:19,"buat pemerintah kalo bisa yang keluarga ya masih ada balita yang masih menyusui jangan diblokir meskipun orang tuanya sudah meninggal dunia,kasihan mereka anak yatim piyatu yang masih membutuhkan uluran tangan,bukan yang kluarga ya mampu, mempunyai fasilitas dirumah yang masih menerima,kalo bisa tolong dikaji ulang untuk perangkat desa dimanapun tempatnya agar bantuan tepat sasaran bukan yang untuk berpangku tangan🙏bukan berarti orang tuanya yang sudah meninggal terus diblokir"
Lilyana Agnesia,1,2026-02-23 02:17:28,kenapa aplikasinya selalu susah untuk melakukan request desil
Lahlah Lohloh,5,2026-02-23 02:12:56,kenapa selalu ada cek koneksi internet pas mau cek usulan . padahal sinyal bagus kuota banyak .
UMIATI PECANGAKAN,1,2026-02-23 01:43:39,"jelek, mau perbarui data saja kesulitan."
Mursinah Abdi kurniawan,1,2026-02-23 01:08:04,"apk gk di perbarui lg padahal banyak erornya, apakah dana maintainence di korupsi?"
Azka Dzaka,4,2026-02-23 01:07:49,bagus sih
Andi Rony,4,2026-02-23 00:57:55,"4bintang dulu, baru percobaan, klo lbh bs membantu tambah jd 5 bintang."
Rozalia Jmb,5,2026-02-22 23:45:13,sangat membantu masyarakat semoga aja PKH cepat tersalurkan ya bapak pemerintah...ini LC yg d tunggu2 sama masyarakat 🙏🙏
Rudi Sugeng,1,2026-02-22 23:24:37,bagus cek bansos.. tapi kandang sulit sinyalnya
MII Nation,1,2026-02-22 23:13:51,"serius ini, udah berbulan bulan request pembaruan data dtsen, belum juga ada respon. gimana sih? ga jelas banget"
Herman Alvanza,1,2026-02-22 20:56:15,"menu usulan error, udh capek2 ngetik pas mau ngirim gk bisa.. error.. aplikasi busuk"
Pudin Ompong,1,2026-02-22 19:08:32,"Tolong di tingkatkan lagi agar, Karna infonya berbeda dengan yg ada di website"
Ulfah Hidayah,3,2026-02-22 15:13:07,"Mau upgrade pembaruan data, sudah isi nama, tgl lahir, dsb... sampai dibagian mengisi provinsi kebawah ( kabupaten, kecamatan dst ) tidak bisa di klik. Ini bagaimana tolong jelaskan !"
Miko Gunawan,5,2026-02-22 15:03:39,harus disempurnakan lagi aplikasi nya
IKOMANG SUARNA,5,2026-02-22 14:53:07,mudah mudahan dengan datasen aplikasi ini bisa membantu masyarakat tanpa pembohongan data. dan di surpei ulang minimal 3 bulan setelah terdaftar di datasen ataomasuk PM
Naga 21,1,2026-02-22 14:45:50,"bisa login, tp tidak bisa perbaharui data, dibagian provinsi tidak bisa dklik, pdhl opsi yg lain bisa diisi."
Awan Papun,1,2026-02-22 13:20:03,"ngeselin buanget masa pas masukin swafoto malah balik ke awal lagi, sampe berkali-kali dicoba tetep aja begitu, andai bisa di web mungkin lebih gampang 🤬"
Udin Samsudin,1,2026-02-22 12:23:44,"Buset, klo bikin aplikasi masa pembangunan data, pilih propinsi tidak bisa di klik, sini gw yg bkin, hadeuh"
Ifka Ikaaa,1,2026-02-22 11:19:15,kenpa gak bisa klo mau usulan koh eror trs
emirulmahajuro harahap,5,2026-02-22 09:12:13,sangat baik
Metha Aulia,1,2026-02-22 08:41:44,setelah di-update malah GK bisa di akses.aneh🤔
fitridwi rizky,1,2026-02-22 07:47:06,"mau isi alamat profinsi tidak bisa. ni apl fungsinya apa? katanya bisa pengajuan mandiri lwt online, tapi untuk mengisi dta diri ajaa tdk bisa"
26.Richard William Tan,1,2026-02-22 07:08:43,masalah nya tidak bisa load list provinsi ketika mau perbaruan data
Yeny Minawati,2,2026-02-22 06:33:02,"status suka tidak sinkron, ktnya biar tau cair apa gak nya? dri aplikasi bansos"
Sella Mutahar,1,2026-02-22 06:12:54,"sumpah gedek bangettt😭😭😭 mau Ngajukan PKH selalu alasan koneksi, padahal jaringan lancarr."
Akai Panda,1,2026-02-22 03:54:29,aplikasi tolol
Yusuf Tonapa,1,2026-02-22 03:47:20,Data kurang akurat. Tetangga saya dapat bantuan di PKH terima bulan lalu padahal di aplikasi statusnya Bukan Penerima PKH. Data belum terintegrasi.
Saya Suka,2,2026-02-22 03:06:05,udah ada email pembuatan akun terverifikasi tapi tetep gabisa login.. ini gmna ya?????
Edi Erfandi1,5,2026-02-22 02:51:57,"tolong, untuk request pembaruan data, pas isi provinsi, balik lagi ke tempat lahir, jadi tidak bisa mengisi bagian provinsi. tolong diperbaiki. terimakasih"
Nandir sweetty Nandir,5,2026-02-22 02:45:38,lebih di tingkatkan
Riko Kiwkiw,1,2026-02-22 00:34:40,"aplikasi aneh padahal akun udah ada baru 3 hari gk di buka apknya udah ilang, mau daftar ulang gk bisa"
arjunrolling Rolling,5,2026-02-21 18:58:03,sangat bermanfaat
Indra Saputut,1,2026-02-21 17:20:34,stak di awal
RAKYAT JELATA,5,2026-02-21 16:17:51,usulannya eror terus
robian,1,2026-02-21 16:03:02,kenapa saya tidak bisa mendaftrkan diri saya
Yuni Kartika,1,2026-02-21 15:40:19,"kenapa yah rata rata apk pemerintah sangat beuh no 1000 ujungnya ,udah ngusulin dari jaman purba gak ada perubahan ,apalagi pas pembagian bansos nya tutup mata lansia beneran dah umur 90 kaga dapet malah di lempar kelansia yang baru umur 28 kan parah 😆😭semoga kedepannya ya begitulah gimana kalian 😭"
Maria 2016,1,2026-02-21 15:02:48,kpm nya relationship
fras feather (Jangkung),3,2026-02-21 14:09:13,"saya kategori desil 2, tapi gak pernah dapat bansos apapun??? sedangkan tetangga yang punya rumah Lantai dua, motor 3, dapat bantuan. 😥"
saiful arif,1,2026-02-21 11:44:04,"Aplikasinya gk bisa d buka, jangan d donlwod"
Herry Yoewono,1,2026-02-21 09:59:06,"menu pilihan error terus, apk gagal"
Ayusalsabila hanifa Hanifa,2,2026-02-21 09:40:46,saya login sudah memasukan 2kali nik sudah saya cek ber ulang ulang tetap salah memasukan nik katanya gimana sih
Harun Nasution,1,2026-02-21 08:13:46,cari nama 1 kelurahan banyak banget tidak dapat dipersempit RT RW kelurahan
Novita Anggraini,1,2026-02-21 07:49:00,"connection problem terus sebagus apapun jaringan data/wifi tetep tidak bisa, sebab apk.nya yang jelek"
Secret,2,2026-02-21 07:39:25,"Untuk developer, tolong masalah bug segera diperbaiki. Saat hendak memilih provinsi itu tidak muncul, hanya loading sebentar lalu keluar lagi. Itu sudah berlangsung selama berhari-hari, padahal jaringan saya stabil."
Febian Wijaya,1,2026-02-21 05:26:55,"jangan di download... gak ada gunanya aplikasi ini tidak pernah terawat.. sudah brapa bulan ajukan pembaruan data... tidak pernh di konfirmasi sama mereka... sampai kapan pun... memang sengaja' di perlambat pembaruan data nya kerna mereka yg makan uang bantuan tsb... seolah"" desil kita itu masih di angka 6-10... saya sudah hafall permainan tikus negara konoha... kalo gak gitu merka gak makan besar hasil gaji nya..."
Krisyanto,1,2026-02-21 04:33:40,"aplikasi pemerintah emng ga pernah bener, mau pembaharuan data aja ga bisa bisa"
hari yanto,1,2026-02-21 03:36:33,"apk celeh ini nama nya setiap mau daftar no connection sedangan wifi berjalan 2,5mb niat bikin aplikasi gak negara ini"
Amira Fiza,5,2026-02-21 03:25:06,lama sekali responnya
Melan Saunah,2,2026-02-21 03:04:42,yak kk
Dhimas mustofa,1,2026-02-21 02:53:02,pengajuan usulannya kenapa lebih lama daripada kalau langsung ke kemensos dah gak wort it banget kalau begini
asihbungagebhy komang,2,2026-02-20 23:47:35,bpnt 2026 sudah kluar.. tpiaq cek dsni blum jg tanda ya.. masih aj sttus tidak jdi bingung 🤔🤔🤔
Kyy WEST,1,2026-02-20 23:27:17,"Mau ngusulin ""Cek koneksi"" padahal lancar Mau perbarui data pas milih provinsi gabisa di pencet. Maunya gmna dah?? aplikasi mentah dirilis di playstore"
Rahim Rahim,1,2026-02-20 22:25:09,ngbagus aplikasi ini.. ..
Soli Farm,1,2026-02-20 21:53:44,aplikasinya tidak bisa di buka & saya seorang busui & anak saya 1 balita tapi ga dapat bansos pkh...
Khusniyyah Atiqoh,4,2026-02-20 20:23:17,"aplikasinya bagus bisa membantu dan melihat siapa saja yang dapat bansos, tapi semenjak ganti tahun di 2026 ini aplikasi cek bansos nya di platform Nya Lom berubah,masih platform 2025"
Fati Mah,5,2026-02-20 19:42:34,kenapa saya mau pembaruan data gak bisa ngisi provinsi ny kak
Utong Tong,4,2026-02-20 19:41:17,tolong dong kak saya mau pembaruan data kenapa pas ngisi provinsi ny gak bisa
Ipan Pitch,1,2026-02-20 18:43:17,login perhatian trs stiap masuk pdhl udh bner smua tlong prbaiki ini apk pemerintah loh di gaji dari rakyat
kadut kadal,5,2026-02-20 17:29:42,sangat membantu
Wahyu Adi Prasetyo,1,2026-02-20 16:46:41,"aplikasi gak jelas, mau update data gak bisa, disuruh milih provinsi, giliran di pencet gak keluar pilihannya, gimana update datanya"
Siti Munawaroh,1,2026-02-20 15:14:55,tidak bisa login
all about RUBY,1,2026-02-20 13:56:40,"desil 2 tp ga dpt semenjak ada yg survei, eh tetangga malah dpt, padahal ga punya tanggungan, punya kerja tetap pula, alhasil di pake buat depo judol 😄"
Jimmy Kelana,1,2026-02-20 13:26:46,"data tidak sinkron dengan yang ddi web, klw yg di apk masih sampai desember 2025, jadi tidak bisa liat data terbaru"
Fahrul Rojih,2,2026-02-20 09:26:06,ud registrasi tpi pas login.. katanya belum Regis.. gimana sih
Supri Supriadi,1,2026-02-20 06:00:12,"malah makin ribet, hrs nya makin mudah ,untuk buka aja susah ,capee"
Yudistira Pratama,1,2026-02-20 05:59:18,sering eror taulah aplikasi pemerintah
Lisnawati Wati,5,2026-02-20 02:24:01,𝐨𝐤
Sketch Walle,1,2026-02-20 01:08:27,"halah pejabat gk mau kerja udh ngajuin dari november desil gk turun"" hampir 4bulan"
sareh adin,2,2026-02-20 01:02:29,"ini aplks nya kenapa kok gak bisa daftar dan datanya kurang sama seharusnya desil 4 itu saya dapat bantuan kok ini enggak dapat gimana aplkasinya,apk nya kurang bagus karena susah daftar saya daftar berulang kali tetap gak bisa masuk dan login,kenapa kok fak bisa masuk dan login dan datanya kenapa kok gak sama padahal saya dapat desil 4 saya dapat pkh bpnt ,tapi saya cuma dapat pbi-jk kok gitu kenapa tolong dibenai lagi saya daftar ulang kali tetep gak bisa tolong dibenar kan lagi, terimakasih.."
cepi holigan,5,2026-02-19 20:42:55,mantap
Irwansyah Demiani,2,2026-02-19 18:12:15,capek mengajukan bansos ngk ada respon tolong pihak pemerintah di perbaiki lg sistem pekerja nya agar transparan agar masyarakat setiap kali mengajukan permohonan di terima agar merata dan tepat sasaran.
Mat Doank,5,2026-02-19 16:46:58,apk ini sangat membantu
Nanu Nurhiman,1,2026-02-19 15:49:07,"saya tidak puas dengan aplikasi ini,aplikasi nasional tapi kualitas buruk."
Fani Syifa,4,2026-02-19 13:45:09,kasih pencerahan saya ngusulin pembaharuan data hampir 4bulan kok verifikasi trs. apa ada kendala atau gimana diapknya min?
Gidion,5,2026-02-19 13:41:59,Terimah kasih banyak atas perhatiannya atas bantuannya sangat membantu kebutuhan luar biasa
Abel Sabila,5,2026-02-19 11:43:52,"bagus, bisa bantu cek bansos nya, tpi data di aplikasi kadang blm sinkron dgn dta yg sebenarnya contoh nya saya pbi jk nya aktif tpi di aplikasi keterangan nya tdk aktif"
aetik mahfudhoh,1,2026-02-19 09:31:30,"sumpah apk tergajelas, apk aneh unfaedah"
Mira Dahlia,5,2026-02-19 08:56:50,aplikasi hanjiing
Shafa Nur,1,2026-02-19 08:02:31,aplikasi nya ribet sama saja dengan ikd. akun sering log out kalau tidak pernah membuka aplikasi dan harus memasukkan pasword berulang kali
RaZahRy Massage,1,2026-02-19 06:27:08,tidak akurat .. mending dari web lngsung
Zahra zahra,1,2026-02-19 06:25:54,"download dari seminggu yang lalu, tapi malah aplikasi nya gabisa kebuka sampe sekarang"
Charisma putri Isyahbani,2,2026-02-19 06:19:39,tidak bis buat akun setiap mau uplod data kembali ke menu awal
Alfa,1,2026-02-19 06:14:25,"Bikin aplikasi yang bener napa, katanya pemerintah tapi aplikasi aja banyak yang bug nya gimana sih"
Belo Ari,5,2026-02-19 05:19:24,ok
Ameera Azzahra,1,2026-02-19 04:40:45,mau buat akun aja susah bener pas mau upload foto
Alfa Reski,1,2026-02-19 04:11:50,desil 2 jadi desil 6-10 padahal masih susah
Mas Tio,1,2026-02-19 03:45:08,"Aplikasi parah, bisa diinstal tetapi tidak bisa dibuka. Sepertinya pengembang tidak peduli ocehan negatif di aplikasi ini, makanya tidak mau menjawab dan kalau tidak siap jangan ciptakan aplikasi."
Marvin Marvelio putra,1,2026-02-19 03:10:31,min bisa gak supaya di update ini aplikasinya supaya bisa kasih masuk foto lewat file
Irwan Saputro,5,2026-02-19 01:52:11,"bagus, lancar, membantu saya sebagai warga"
Sumar Diono,5,2026-02-18 23:40:34,sangat membantu dan memuaskan
Muhammad Bayu Arif Nurpito,1,2026-02-18 23:30:26,"waktu masukin foto tidak bisa, tolong up grade"
Gorbilz,1,2026-02-18 22:22:18,sekiranya menambah beban uang negara . mending gak usah ada aplikasi. gak guna.. banyak fitur namun slow respon.. aplikasi apa pajangan
Agus Rajasa,5,2026-02-18 16:55:13,👍🏻👍🏻
Andri Yahya,1,2026-02-18 15:36:53,"sudah mengajukan pembaruan data, tapi proses verifikasi data nya masih menunggu, padahal udh 4 bulan lebih, tolong lah di respon dengan tindakan gerak cepat. terimakasih"
Puji Astuti,1,2026-02-18 15:09:49,"ini knp dah?per februari awal loh tiap buka apk nya ngblank layar putih doang.masa problemnya brkepanjangan gini.. mnyediakan layanan via online harusnya sudah siap² ttg resiko yg bkal dihadapi,tp gak bs lebih satset kah dlm pnanganan plyanan via online?saya tdk canggih dlm smua bidang teknologi,tp pmerintah kan sudah smestinya ada tim IT yg lbih paham dan rakyat sudah mmprcayakan smuanya pd pmerintah.tolong segera brtindak dlm pnanganan ini.trimakasih."
Destri Didi,5,2026-02-18 13:25:57,SUKA SEKALI
Nurul Husna,2,2026-02-18 13:08:07,bagus
APOLONIUS VANZEFANO NEHE,5,2026-02-18 12:49:20,"saya desil 1 status tidak,,bagaimana cara mendapatkan bantuan seperti ini Min."
Riska Trisnawati,1,2026-02-18 12:42:10,"aplikasi konyol memusingkan , klo udah engga bener hapus aja bikin orang kesel"
dany mentol,1,2026-02-18 12:35:47,saya mau melaporkan kesalah data tapi fitur opsi kurang tolong aplikasi dikembangkan lagi supaya kita bisa pengaduan
Nadya Aryanti,1,2026-02-18 12:24:30,"apk mbapuk, berulang kali aktivasi lupa kata sandi jg gabisa bisa katanya kadaluarsa padahal email-nya masuk sesuai dengan jamnya. tolong dong dibenerin, mana kl ngasih desil jg ga sesuai"
Surya Pepedan,1,2026-02-18 12:00:09,updatenya sangat lambat
Firda Laila Maulidiah,1,2026-02-18 11:31:51,"aplikasinya tidak bisa di buka, sangatt lemot, sudah berkali² copot pasang aplikasi tetep saja lemotttt polll"
Abd Khairi,3,2026-02-18 10:55:13,"belum bisa login soal nya waktu mau moto KTP mau neken centang di kanan atas tak bisa di tekan, terlalu jauh ketepi layar HP, jadi ketumpuk sama status batrai hp"
Eka Nurani,1,2026-02-18 10:42:59,kenapa setiap buka aplikasinya pasti selalu error
Candra Popo,4,2026-02-18 10:38:02,membantu
BOOMERANG YT,1,2026-02-18 09:06:43,aplikasi gila
Badru Yamin,3,2026-02-18 09:04:19,bagus
Amanda Wulan jamilah,1,2026-02-18 07:03:09,"ini gimana ya kok bisa ga update pembaruan? datanya masih di tahun 2025, tolong diperbaiki karena ini bisa sangat membantu sekali loh tanpa harus bolak balik cek ke agen atau pun ke bank untuk cek sudah cair apa belum"
Budi Doremi,2,2026-02-18 06:34:38,"internet wifi dan data normal lancar tapi semua menu nya selalu muncul connection problem, mbok ya server dan aplikasinya di bagusin"
Holik syaiful,1,2026-02-18 06:02:57,aplikasinya tidak berjalan bos
Naufal Anggoro,1,2026-02-18 05:52:09,"aplikasi jelek, pasti anggarannya di korup makanya aplikasinya kayak sampah, ngeleg² ga jelas"
Aghis putri Denarni,1,2026-02-18 05:15:14,ini gimana sih aplikasinya tidak bisa login
Piki Kribo,1,2026-02-18 04:09:46,"Aplikasi pemerintah busuk,mau daftar keluar terus,udah isi nik,no.kk tinggal foto masa keluar lagi.Sebenarnya niat ga bikin apk."
Peutua Mukim,1,2026-02-18 04:08:19,"tak dapat login, padahal sudah betul datanya"
Heru Dana Utama,1,2026-02-18 01:53:59,Buruk tidak diperbaiki
Su Trisno,1,2026-02-18 01:49:50,aplikasi merepotkan dah daftar mo login gk bs masuk
Cecep Efendi,1,2026-02-17 22:34:16,"data gak pernah berubah padahal udah bulan2 berikutnya, percuma buat ngecek juga kagak responsip"
Oleh Oleh,5,2026-02-17 22:06:39,terima kasih sahabat ku
Afta Hk (Afta),1,2026-02-17 20:08:10,"semua aplikasi pemerintah itu buruk,tapi berkoar soal keaman data..."
Bayu Saputra,5,2026-02-17 19:55:11,sangat sangat bermanfaat untuk masarakat untuk mengetahui info bansos
ZAHIDAH RAHMAH,2,2026-02-17 17:25:15,Udah re-install berkali-kali tetep gak bisa dibuka
anas sajah,5,2026-02-17 16:46:32,semoga ber manfaat
Sarmini 0102,5,2026-02-17 15:51:46,sangat bagus
Ami Fitriani,1,2026-02-17 14:51:15,malah layar putih gak bisa di buka
Setiyati Cirebon,1,2026-02-17 14:10:03,susah di bukanya
sodiq bungsu,5,2026-02-17 13:33:20,sangat membantu
Udin Semirang,5,2026-02-17 12:04:26,okeeeeeeeee
Nurhayati Siti,3,2026-02-17 11:34:33,tidak bisa di buka knp ya
swandy,1,2026-02-17 10:59:27,aplikasi yg sangat kecewa disini TDK dapat bansos sedang di google ada desil 3 dapat....
Andi Azis,1,2026-02-17 10:46:19,"sepertinya aplikasi ini Memeng sengaja mau di matikan, terbukti sudah berbulan2 aplikasi tidak berfungsi tidak di benahi"
Mega Wati,1,2026-02-17 10:30:55,sama aja usulan kirain online bisa permudah ehh pkh bansos yg nyata dan media sama aj cuma anak rt rw yg bisa dptt emng dowld percuma
Michaelberkat Bule,1,2026-02-17 10:25:08,tidak bisa di akses masuk
Puti Pku,1,2026-02-17 09:28:32,gak pernah berhasil mendaftar akun.uda berhasil daftar akun malah gak pernah bisa masuk/login.ada aja yg salah.kayaknya sih emang urusan sengaja dipersulit
Kharisa Retno,1,2026-02-17 07:52:08,setiap kali mengusulkan dan memuat foto selalu eror ahirnya tidak bisa di submit perbaiki lagi dong.. biar kami bisa melakukan pengajuan bukan hanya keluarga pilihan kades dan rt saja yang dapat bansos
Yaya Sukarna,1,2026-02-17 07:22:27,"aplikasi nya sangat tidak bagus dan tidak bener benar dikelola, email pengaduan yang diberikan pun tidak di temukan ah memang susah ya kalo memang tidak ada tindakan nyata"
Siddiqa Adara,1,2026-02-17 07:12:56,"aplikasi malah ga bisa di buka,, kpn hari udh download tp ke hapus udh download lagi malah ga bs di klik."
Elisabet Nuri,1,2026-02-17 07:09:48,kenapa saya susah untuk memperbaiki unser name dan pasword saya
redmi 9a,4,2026-02-17 04:53:16,"cara ngisi sandinya gimana..kok saya GK bisa* ... mohon bantuannya🙏🙏dari tadi tidak bisa"" masuk"
Indriani Salsabilla Astin,2,2026-02-17 03:34:59,"Bikin akun baru, trs tunggu verifikasi lewat email, tp gk masuk2 sampai sekarang. Pas nyoba lagi pake data yg sama malah katanya NIK dan nama sudah terdaftar, pdhl emailnya gk ada masuk sama sekali. Sama aja kayak IKD emailnya gk masuk sampai harus bolak balik ke kecamatan. Tolong jgn delay ya, susah kalo lg ada kebutuhan mendesak🙏🏻"
Widi Gustiardi,1,2026-02-17 00:44:21,"percuma daftar juga, gk ada perubahan status 2 bulan lebih yg survey kerumah pun gk ada. pdhl ditunggu"" buat pemutihan BPJS, sampe program pemutihan gratisnya kelar pun msh gk ada yg survey kerumah. emg busuukk"
arya wibowo,1,2026-02-17 00:37:14,"ada ibu ibu laki nya mandor tapi die nikah sirih , punya motor juga masa dapet pkh , masa die dianggap miskin desil 1 -4 , tolong dong di cek lagi tim survey nya"
Ijun Iting,5,2026-02-17 00:11:29,top
